epoch,learning_rate,train_total_loss,val_total_loss,val_vrmse,grad_norm_mean,grad_norm_max,grad_norm_clipped,train_rmse,train_h1,train_h2,train_ssim,train_pcc,train_mlw,train_vrms,train_kl,train_sds,train_swd,val_vrmse_density,val_vrmse_momentum_x,val_vrmse_momentum_y,val_vrmse_chmean,val_rmse,val_h1,val_h2,val_ssim,val_pcc,val_mlw,val_vrms,val_kl,val_sds,val_swd
1,3.1437500000000005e-05,0.02665136257559061,0.047866909027099606,0.27856939697265626,3.284966712474823,10.167867660522461,28,0.019231688311323523,0.00014839348581881495,0.00023339332613977603,0.01114962077140808,0.008381760001182556,0.0,0.13205804663896561,6.978548627853393,0.0,0.37211217695474624,0.40814248657226565,0.239616455078125,0.4343001708984375,0.36068637084960936,0.03649053192138672,0.00022752760350704194,0.0002808155119419098,0.023031307220458985,0.02067810821533203,0.0,0.27856939697265626,7.00881884765625,0.0,0.24211065673828125
2,4.9942884845168216e-05,0.03118058769777417,0.02226106834411621,0.10444922637939454,2.560704885005951,6.584504127502441,7,0.022682572584599256,0.0001699603036759072,0.00025466893373231867,0.013221113204956055,0.007821983456611633,0.0,0.14748426216840743,6.904936162948609,0.0,0.312054311811924,0.13796211242675782,0.11621868896484375,0.14916842651367188,0.1344497528076172,0.014908186912536621,0.00014705762267112733,0.00023077121376991272,0.010606904983520508,0.00525165843963623,0.0,0.10444922637939454,6.89489892578125,0.0,0.25997067260742185
3,4.930339369024957e-05,0.024751993991434573,0.02122853088378906,0.1058813247680664,1.7267100596427918,4.002415180206299,0,0.017410195739939807,0.00014683596316899638,0.00023512200848199428,0.010428573608398438,0.0055771834850311276,0.0,0.11080546286702156,6.860218963623047,0.0,0.2645234259366989,0.11243170166015624,0.12257386016845703,0.17165966796875,0.13555508422851562,0.01453458023071289,0.00013387899100780488,0.00021623113751411438,0.009027942657470703,0.005408880233764649,0.0,0.10588133239746093,6.848775390625,0.0,0.24599771118164063
4,4.7971676886883606e-05,0.02027595564723015,0.018809192657470702,0.085611083984375,1.4732650742530822,3.0700480937957764,0,0.014095698749646545,0.00012360513851308497,0.00020299576583784074,0.008650466442108155,0.0035996149778366087,0.0,0.0899013974815607,6.816710578918457,0.0,0.2468285738825798,0.10506222534179688,0.12329490661621094,0.09963827514648438,0.10933180236816406,0.012217796325683594,0.0001318279504776001,0.00021426865458488463,0.008560540199279786,0.0038519625663757323,0.0,0.085611083984375,6.80684765625,0.0,0.2281614990234375
5,4.5986462044240416e-05,0.019938621565699578,0.016844234466552734,0.07211650085449219,1.3006232948303222,2.908428430557251,0,0.013685691446065903,0.00012505860193050467,0.00020855342479626416,0.008526571035385132,0.0033479626774787904,0.0,0.08515051604807376,6.80964331817627,0.0,0.24097370702028276,0.09132490539550782,0.0877476806640625,0.09426239776611328,0.09111166381835938,0.010711024284362793,0.0001226642206311226,0.0002044871300458908,0.008056002616882324,0.0029227771759033202,0.0,0.07211650085449219,6.744548828125,0.0,0.23950189208984374
6,4.340548112481404e-05,0.020489628843963145,0.018702531814575197,0.08843156433105469,1.2711900188922882,2.5417213439941406,0,0.01391284810192883,0.00013153561559738593,0.00022082495759968878,0.008731688976287842,0.0034126073718070984,0.0,0.08434744162857533,6.789826797485351,0.0,0.21975872546434402,0.10742691802978516,0.13424441528320313,0.09594366455078125,0.112538330078125,0.012579948425292968,0.00012245166301727296,0.00020372405648231507,0.007934954643249512,0.0038917908668518065,0.0,0.08843156433105469,6.7702451171875,0.0,0.23356373596191407
7,4.0303791543266814e-05,0.01846394790895283,0.016347944259643556,0.07110548400878906,1.1702216885089873,2.85060977935791,0,0.012617163222283125,0.00011693569518320145,0.00019869019395264332,0.007924856185913086,0.002827617645263672,0.0,0.0770282980799675,6.784514884948731,0.0,0.22899737864732742,0.0953619155883789,0.08454403686523437,0.09168472290039062,0.0905302276611328,0.010314472198486328,0.0001206694319844246,0.00020315387845039367,0.007512484073638916,0.0028099684715270994,0.0,0.0711054916381836,6.7550546875,0.0,0.22046856689453126
8,3.677159342441323e-05,0.017792638106271623,0.017294639587402343,0.07639618682861328,0.9877766876220703,2.0620763301849365,0,0.012125300290063024,0.00011334675570833496,0.00019519277725339634,0.0076016650199890136,0.0026118891835212707,0.0,0.07257612100243568,6.778397933959961,0.0,0.21796830832958222,0.09915433502197266,0.10100392150878906,0.09244890594482422,0.09753572082519531,0.011242819786071776,0.00012103640288114548,0.000201937735080719,0.008050127029418945,0.0030429186820983885,0.0,0.07639619445800781,6.77831640625,0.0,0.2271339111328125
9,3.291160649658636e-05,0.01734415851160884,0.015159857749938966,0.06506147003173827,1.0062452836036682,2.1866636276245117,0,0.011750814037397504,0.00011186689035093877,0.00019494653653237038,0.007289927721023559,0.0025103692412376402,0.0,0.07092924126982689,6.77040816116333,0.0,0.2252492731809616,0.08719728851318359,0.08025297546386718,0.07845334625244141,0.08196786499023437,0.009531989097595214,0.00011255739629268646,0.00019159592688083648,0.006970648288726807,0.0024363574981689454,0.0,0.06506147766113281,6.77309716796875,0.0,0.21694808959960937
10,2.8836082902858047e-05,0.015979103108868003,0.015714242935180665,0.07008123779296875,1.0245109848976135,2.2949047088623047,0,0.010805085338652133,0.00010348035579590942,0.00018219483142456737,0.007006929874420166,0.0021142671704292297,0.0,0.0651048139333725,6.76636805152893,0.0,0.21279110383987426,0.0817835693359375,0.07824817657470703,0.10500221252441407,0.08834465789794922,0.010179878234863281,0.00011068727821111679,0.00018995893001556396,0.006815529346466064,0.002440429449081421,0.0,0.07008123779296875,6.764095703125,0.0,0.2103046875
11,2.466354280044379e-05,0.01523921494744718,0.014743846893310547,0.06261116790771484,0.7154414687156677,2.227252721786499,0,0.010043960179202258,0.00010390509633725741,0.00018388234049052698,0.006781780958175659,0.001928434371948242,0.0,0.05913561192154884,6.748486080169678,0.0,0.20502941673994066,0.07816728210449218,0.08141140747070312,0.07879475402832031,0.07945781707763672,0.00932351589202881,0.00010840662568807602,0.00018645006418228148,0.006857648372650147,0.002256843090057373,0.0,0.06261116790771484,6.707876953125,0.0,0.19867486572265625
12,2.0515327680210476e-05,0.014907059424556791,0.013818235397338867,0.057010826110839845,0.6644617363214492,1.2701719999313354,0,0.009817541629076004,0.0001017903554275108,0.00018271331993310015,0.0063171424865722655,0.0018196741342544555,0.0,0.056840615056455136,6.744483751296997,0.0,0.19730660140514375,0.07058609008789063,0.07328433990478515,0.06981311798095703,0.07122785186767579,0.008459995269775391,0.00010716480016708373,0.00018526950478553773,0.006442690849304199,0.0020300846099853514,0.0,0.057010826110839845,6.7192490234375,0.0,0.20809609985351563
13,1.651207163908012e-05,0.014524514549411833,0.013384064674377442,0.054594089508056644,0.43841575169563296,0.9155506491661072,0,0.009388735616579652,0.00010271557873056736,0.00018549714590335498,0.006263087511062622,0.0016613648533821107,0.0,0.052808558888733384,6.723548244476318,0.0,0.20009411489963533,0.06757492065429688,0.06785238647460938,0.06834320068359374,0.0679235076904297,0.008144086837768554,0.00010479956865310668,0.00018209296464920043,0.00626320743560791,0.0019057061672210693,0.0,0.054594089508056644,6.7020654296875,0.0,0.18476596069335938
14,1.2770193224131885e-05,0.013766696157865226,0.013081467628479004,0.05311276626586914,0.23567905181646348,0.5414465665817261,0,0.008940274121239782,9.652844136144267e-05,0.00017550036980901496,0.005980987548828125,0.0015040719509124756,0.0,0.04968913646042347,6.702092651367187,0.0,0.1887144764661789,0.0657138671875,0.066228515625,0.06594563293457031,0.06596267700195313,0.007928712844848633,0.00010305508971214294,0.00017999617755413055,0.006114731311798096,0.0018278564214706421,0.0,0.05311276245117187,6.6904541015625,0.0,0.17795057678222656
15,9.39850986895967e-06,0.013751439991407096,0.012920625686645508,0.052362285614013675,0.29292807465791704,0.6872117519378662,0,0.00884554522484541,9.811789426385076e-05,0.00017853088010087958,0.00608881163597107,0.0015372200012207032,0.0,0.0497629369571805,6.695008697509766,0.0,0.18043960922956467,0.06486540985107422,0.06502511596679687,0.06515582275390625,0.06501545715332031,0.007824132442474365,0.00010192987322807312,0.0001784636378288269,0.006028080940246582,0.0017854599952697753,0.0,0.052362285614013675,6.6848623046875,0.0,0.18366372680664061
16,6.495073377741711e-06,0.013379832560196519,0.012833425521850586,0.05195578002929688,0.16097649306058884,0.40576088428497314,0,0.008629695097915828,9.500274876700132e-05,0.00017481065550236963,0.005904385089874268,0.0014551034569740295,0.0,0.048442412711679934,6.6955894775390625,0.0,0.18044682383537292,0.06448281860351562,0.06421586608886719,0.0647097625732422,0.06446949005126953,0.007768566131591797,0.00010129719972610473,0.00017760154604911805,0.005974213600158692,0.001764012336730957,0.0,0.05195578002929688,6.6781396484375,0.0,0.17836297607421875
17,4.144318484197592e-06,0.01392444229964167,0.01277364444732666,0.05164242935180664,0.10343530374765396,0.259220153093338,0,0.008912222740240396,0.00010024439048720523,0.0001827311638116953,0.006163654804229736,0.001520568072795868,0.0,0.04920364592969417,6.676086004257202,0.0,0.17668674343824387,0.06400349426269532,0.06387621307373047,0.06430909729003906,0.06406293487548828,0.0077271127700805665,0.00010093063116073609,0.00017708779871463776,0.005948014736175537,0.0017497121095657348,0.0,0.05164242935180664,6.66401025390625,0.0,0.17715280151367188
18,2.4146074080889003e-06,0.013309318428859115,0.01274382209777832,0.051542774200439456,0.060810661852359775,0.11541474610567093,0,0.008566223552450538,9.486189757808461e-05,0.00017425651859230128,0.005722631216049195,0.0014483158588409423,0.0,0.04785296654701233,6.667532424926758,0.0,0.18521010410785674,0.06399828338623047,0.0637512321472168,0.06410871887207031,0.06395275497436523,0.007711315631866455,0.00010065013170242309,0.0001767188161611557,0.0059253454208374025,0.001742240309715271,0.0,0.05154277038574219,6.6580712890625,0.0,0.1789577331542969
19,1.3562418159286768e-06,0.012998756600543856,0.012720043182373048,0.051408695220947265,0.06145819425582886,0.12143631279468536,0,0.008447561987675727,9.102389221516205e-05,0.0001672869561080006,0.005622837543487549,0.0014042078256607056,0.0,0.04708309445530176,6.669585844039917,0.0,0.1805066594481468,0.06371141815185546,0.06359560394287109,0.06396996688842774,0.06375900268554688,0.007694140434265136,0.00010051805526018143,0.00017651984095573426,0.0059136772155761715,0.0017362827062606812,0.0,0.051408695220947265,6.65660888671875,0.0,0.16659292602539064
20,1e-06,0.013298508123494686,0.012711636543273926,0.05136756134033203,0.046551893070340154,0.11163946241140366,0,0.008523647758178413,9.549720625727787e-05,0.00017681272188201547,0.005762980222702026,0.0013989837169647217,0.0,0.04702198778837919,6.66313677406311,0.0,0.17529629462957383,0.06364674377441407,0.06353704071044922,0.06397040176391601,0.06371806335449219,0.0076887674331665035,0.00010045737028121948,0.00017645016312599183,0.005906000137329102,0.0017335758209228516,0.0,0.05136756134033203,6.654517578125,0.0,0.18268716430664061
