epoch,learning_rate,train_total_loss,val_total_loss,val_vrmse,train_rmse,train_h1,train_h2,train_ssim,train_pcc,train_mlw,train_vrms,train_kl,train_sds,val_vrmse_density,val_vrmse_momentum_x,val_vrmse_momentum_y,val_vrmse_pressure,val_vrmse_chmean,val_rmse,val_h1,val_h2,val_ssim,val_pcc,val_mlw,val_vrms,val_kl,val_sds
1,3.1437500000000005e-05,1.7306023578643799,0.23261517333984374,0.9104321899414063,0.19793637409806253,0.003174006084242137,0.005071850140098832,0.12348536348342895,0.5285977066755295,0.0,1.4485377876758576,137396.5710551758,0.0,0.9296235961914062,1.439483642578125,1.1046220703125,1.6052242431640624,1.2697384033203125,0.130609375,0.00048127418756484984,0.0006227799654006958,0.06941204071044922,0.23521737670898438,0.0,0.9104321899414063,7794.211,0.0
2,4.9942884845168216e-05,0.3220613788366318,0.30286172485351565,0.7026986083984375,0.12958701683580875,0.0004044468917418271,0.00048276116786291824,0.053998156309127805,0.37011579620838164,0.0,0.8242711577415466,17225.20216723633,0.0,0.8662935791015625,0.8264757080078124,0.8535863037109375,1.420204833984375,0.99164013671875,0.09882034301757812,0.00032679682970046997,0.00035952720046043395,0.04250070953369141,0.22022532653808594,0.0,0.7026985473632813,18770.152,0.0
3,4.930339369024957e-05,0.19889054504036904,0.20348727416992188,0.6248812866210938,0.11000278609991074,0.0003474726666463539,0.00035816694892127997,0.0457543261051178,0.2701746578216553,0.0,0.6981647052764892,7151.41267602539,0.0,0.71803369140625,0.813828125,0.7471661376953125,1.24570068359375,0.8811821899414063,0.09004273986816407,0.00030529382824897764,0.0002979052662849426,0.03981974411010742,0.15884854125976564,0.0,0.6248812866210938,9817.984,0.0
4,4.7971676886883606e-05,0.13388478414714336,0.4610372314453125,0.6321478881835938,0.09240914502739907,0.0003113423140894156,0.0003013191081408877,0.04174555039405823,0.21124798995256425,0.0,0.6088635280132294,2590.852397705078,0.0,1.025831787109375,0.89138232421875,0.7580711059570312,1.060218017578125,0.9338757934570312,0.0934056854248047,0.006685735702514649,0.017113468170166016,0.06419978332519531,0.16508853149414063,0.0,0.63214794921875,3334.47525,0.0
5,4.5986462044240416e-05,0.22101752080023288,0.17732566833496094,0.986412841796875,0.13808115600049495,0.000923189136752626,0.002104260586813325,0.06569401383399963,0.48568986743688586,0.0,0.9174210102558136,3677.6909416503904,0.0,1.173074462890625,1.205119873046875,1.2560831298828126,1.60787060546875,1.310536865234375,0.14457722473144533,0.0003615193963050842,0.0004323157072067261,0.05188679885864258,0.4884031982421875,0.0,0.986412841796875,1467.246375,0.0
6,4.340548112481404e-05,0.15384802743792533,0.32432907104492187,0.827531982421875,0.1223172103613615,0.0003826380830141716,0.00042756244182237424,0.0501183397769928,0.3173592851758003,0.0,0.7488495364189148,1239.8913790283202,0.0,1.316715087890625,1.034498779296875,1.1331939697265625,1.2374307861328124,1.180459716796875,0.1101946792602539,0.004127907752990723,0.010996929168701172,0.05093656921386719,0.24570849609375,0.0,0.827531982421875,773.89975,0.0
7,4.0303791543266814e-05,0.10701046329736709,0.15409812927246094,0.58759375,0.0818925662189722,0.0003159548096737126,0.00028813062596600504,0.041358617305755616,0.16828004014492035,0.0,0.550259877204895,932.0156644287109,0.0,0.77972607421875,0.926435791015625,0.7784449462890625,0.83120556640625,0.828953125,0.07509205627441407,0.0013852522373199463,0.003213550567626953,0.04663612365722656,0.16211943054199218,0.0,0.58759375,974.3469375,0.0
8,3.677159342441323e-05,0.0931178050339222,0.2153896026611328,0.6331143188476562,0.06741285130381584,0.00030730619872338137,0.00028103006847959475,0.039146960496902465,0.1164783073067665,0.0,0.46220743978023526,1033.9643974609376,0.0,0.7923463134765625,1.0240806884765625,0.966743896484375,0.8738016967773438,0.9142431640625,0.08086540222167969,0.002499140501022339,0.006195220947265625,0.05345125961303711,0.16263319396972656,0.0,0.6331143188476562,956.7166875,0.0
9,3.291160649658636e-05,0.08963058951497078,0.37798095703125,0.76762744140625,0.06358388209342956,0.0003073462417669361,0.000281946809074725,0.0385770959854126,0.10165413910150528,0.0,0.4339204343557358,1067.9395494384767,0.0,0.9548502197265625,1.3783848876953124,1.1441456298828125,0.99564208984375,1.118255615234375,0.09515704345703126,0.0054416685104370114,0.014220133781433105,0.0655294189453125,0.19887113952636717,0.0,0.76762744140625,1074.046625,0.0
10,2.8836082902858047e-05,0.08565095421671867,0.3890866394042969,0.7617003173828125,0.0598948460072279,0.00029474863452196584,0.00027123550669057295,0.037782537221908566,0.0916166359782219,0.0,0.40974785029888156,1101.867665161133,0.0,0.9181927490234375,1.352560546875,1.08713037109375,1.1206142578125,1.11962451171875,0.09385557556152344,0.0056992158889770505,0.014939559936523437,0.06370955276489258,0.19999261474609376,0.0,0.7617003173828125,1027.024125,0.0
11,2.466354280044379e-05,0.0829469792842865,0.3428143005371094,0.7934365234375,0.057120483264327046,0.00029518531390931456,0.000275573781967978,0.036945072174072266,0.08448121231794357,0.0,0.39430454206466675,1106.7230709228515,0.0,1.03723046875,1.2543214111328125,0.992388916015625,1.4208223876953125,1.176190673828125,0.09616298675537109,0.004730677127838135,0.01236406898498535,0.05994770050048828,0.2427529296875,0.0,0.7934365234375,1011.745625,0.0
12,2.0515327680210476e-05,0.08238513922691346,0.3906605834960937,0.8156170654296875,0.05652058707922697,0.00029124787129694595,0.00027769663065555503,0.035424687623977665,0.08049107152223588,0.0,0.3878778465986252,1130.2159427490235,0.0,1.0067473754882812,1.28964892578125,1.0635467529296876,1.49691015625,1.21421337890625,0.09929670715332031,0.005611671447753906,0.014799960136413574,0.06101170349121094,0.2459131317138672,0.0,0.8156170654296875,1078.030625,0.0
13,1.651207163908012e-05,0.08070916977524757,0.552465087890625,0.9495770874023437,0.05442255610227585,0.00029590672499034556,0.0002833546667097835,0.03533030414581299,0.07578838610649109,0.0,0.37260071659088134,1149.127753173828,0.0,1.175626220703125,1.575402099609375,1.2033887939453125,1.64496240234375,1.399844970703125,0.11419979858398438,0.008552760124206542,0.022871139526367188,0.0727125244140625,0.2915353698730469,0.0,0.9495770874023437,1062.732875,0.0
14,1.2770193224131885e-05,0.07880526484549046,0.46886968994140626,0.9264258422851562,0.05305540005862713,0.00028629730906686745,0.00027546441031154245,0.03490314984321594,0.07264461380243302,0.0,0.3652246479988098,1143.499947265625,0.0,1.19850927734375,1.4469942626953125,1.13679248046875,1.6871119384765625,1.36735205078125,0.11107208251953125,0.00694681978225708,0.018505023956298827,0.06826177215576172,0.30944915771484377,0.0,0.9264259033203125,1045.66175,0.0
15,9.39850986895967e-06,0.07858529262244701,0.44209307861328123,0.9117974243164062,0.052399755872786044,0.00029311319792759604,0.00028177516179857774,0.03544078803062439,0.07152007752656937,0.0,0.36156590342521666,1152.9876807861328,0.0,1.16315283203125,1.467640625,1.10049072265625,1.6197698974609376,1.3377635498046876,0.11054376220703124,0.006414517402648926,0.017063436508178712,0.06672611999511718,0.30049560546875,0.0,0.91179736328125,1082.34175,0.0
16,6.495073377741711e-06,0.07799050915241242,0.41014895629882814,0.958328125,0.051812098309397696,0.00029038686976127793,0.00028049852805270346,0.035203855514526365,0.06887868201732636,0.0,0.3552847841978073,1165.9067491455078,0.0,1.24504541015625,1.448790283203125,1.0916224365234375,1.8515322265625,1.40924755859375,0.115461669921875,0.005678662300109863,0.015040882110595703,0.06754354858398437,0.3391453857421875,0.0,0.958328125,1075.415,0.0
17,4.144318484197592e-06,0.07875402431190014,0.46201736450195313,1.0071783447265625,0.05189937622845173,0.00030258505074016285,0.0002923982112843078,0.03607560181617737,0.0694871026277542,0.0,0.35621313405036925,1172.5396159667969,0.0,1.284848876953125,1.54301318359375,1.144076171875,1.931833740234375,1.4759429931640624,0.12100650024414063,0.006603371143341064,0.01756149482727051,0.07161150360107423,0.3594585266113281,0.0,1.0071784057617188,1084.234,0.0
18,2.4146074080889003e-06,0.07595971576869488,0.4666522216796875,0.9975466918945313,0.050164077676832675,0.00028630819822865304,0.0002804899623661186,0.03372716999053955,0.06712705969810485,0.0,0.3494529132843018,1148.0228317871095,0.0,1.2783135986328125,1.550539794921875,1.142526611328125,1.8527122802734375,1.45602294921875,0.11983572387695313,0.006719165802001953,0.017889747619628905,0.07161185455322265,0.3504001159667969,0.0,0.9975467529296875,1085.822125,0.0
19,1.3562418159286768e-06,0.07563976866006851,0.46683294677734377,1.03817529296875,0.05003806675970554,0.00028160672560625244,0.00027325084558106025,0.0339175329208374,0.06496542990207672,0.0,0.3444390487074852,1152.1365924072265,0.0,1.310640625,1.562431884765625,1.1583489990234375,2.0315185546875,1.515735107421875,0.12433959197998047,0.006632919311523437,0.017649879455566408,0.07296271514892579,0.37194650268554685,0.0,1.03817529296875,1084.736,0.0
20,1e-06,0.07618272823095322,0.4597011108398438,1.0092618408203125,0.05004434423148632,0.00029051623707346155,0.00028547114346292804,0.03391217350959778,0.0643643290400505,0.0,0.34245505726337433,1161.2572470703126,0.0,1.2779515380859374,1.5563065185546876,1.139897216796875,1.919238525390625,1.473348388671875,0.1212978515625,0.006550753116607666,0.017426975250244142,0.07178923797607421,0.35680853271484375,0.0,1.0092619018554687,1086.555875,0.0
