epoch,learning_rate,train_total_loss,val_total_loss,val_vrmse,grad_norm_mean,grad_norm_max,grad_norm_clipped,train_rmse,train_h1,train_h2,train_ssim,train_pcc,train_mlw,train_vrms,train_kl,train_sds,val_vrmse_density,val_vrmse_momentum_x,val_vrmse_momentum_y,val_vrmse_chmean,val_rmse,val_h1,val_h2,val_ssim,val_pcc,val_mlw,val_vrms,val_kl,val_sds
1,3.1437500000000005e-05,0.02061337393708527,0.01919730758666992,0.08409170532226562,0.829342658162117,2.122220039367676,0,0.013497258925810456,0.00014232229889603331,0.0002288968954962911,0.009840563535690308,0.003683159112930298,0.0,0.08204537330567836,766665.903,0.0,0.10898355102539062,0.09686289978027343,0.11429969024658203,0.10671538543701171,0.012164793014526366,0.00014065025746822358,0.00022463181614875794,0.009463308334350586,0.003821282148361206,0.0,0.08409170532226562,767072.128,0.0
2,4.9942884845168216e-05,0.022320824291557073,0.02234431266784668,0.11383482360839844,1.5120927081108093,3.082977533340454,0,0.014994488274678587,0.00014652672041484037,0.00023609640137874522,0.009599007606506348,0.0037544902563095093,0.0,0.09269989535212517,766427.604,0.0,0.10926334381103515,0.12395867919921875,0.1970862274169922,0.14343609619140624,0.015494926452636719,0.00013698774576187135,0.0002194543778896332,0.00911201000213623,0.005068429946899414,0.0,0.11383482360839844,767072.128,0.0
3,4.930339369024957e-05,0.020686238758265973,0.01703507423400879,0.07210003662109375,1.1542070419788362,2.9758353233337402,0,0.013732563132420182,0.0001390735119348392,0.00022732821940735448,0.009081419229507446,0.0034261917471885683,0.0,0.08402802996337413,766293.93075,0.0,0.09262995910644531,0.08446300506591797,0.09345686340332031,0.09018328094482422,0.010551122665405274,0.00012967903912067412,0.00021145929396152496,0.008303049087524415,0.0031483492851257324,0.0,0.07210004425048828,767072.128,0.0
4,4.7971676886883606e-05,0.018488534254953264,0.0171922664642334,0.07383769226074219,1.065085222363472,2.837812662124634,0,0.012469870129600167,0.00012037328202859498,0.0001989788925566245,0.008065577030181886,0.0029382883310317995,0.0,0.07765062400698662,766478.5965,0.0,0.09620308685302735,0.08900071716308594,0.094686767578125,0.09329685974121094,0.010744787216186524,0.0001289495825767517,0.00021076512336730958,0.008173011779785156,0.0031972455978393553,0.0,0.07383769226074219,767072.128,0.0
5,4.5986462044240416e-05,0.018430527037009595,0.017033830642700195,0.07524752044677735,0.8992237068414688,2.4855706691741943,0,0.012230453563854098,0.00012400146955405945,0.00020654823660879628,0.008124852657318115,0.0029378917813301085,0.0,0.07527371878921986,766446.72975,0.0,0.09260688018798828,0.09049618530273437,0.10361769104003907,0.09557357788085938,0.010795215606689453,0.0001247723326086998,0.00020551922917366028,0.007917975902557373,0.0029064106941223146,0.0,0.07524752044677735,767072.128,0.0
6,4.340548112481404e-05,0.01933082195185125,0.016882804870605467,0.07468257141113281,0.9604613694548607,2.397078037261963,0,0.012748614247888326,0.00013164415283245035,0.00022026003364589996,0.008548385143280029,0.002865276753902435,0.0,0.07599005222320557,766048.50225,0.0,0.10098876190185548,0.08194379425048828,0.09956649780273437,0.09416635131835938,0.010720742225646973,0.00012324126809835434,0.00020387092232704163,0.007763972759246826,0.003138703107833862,0.0,0.07468257141113281,767072.128,0.0
7,4.0303791543266814e-05,0.017152791967615485,0.01573004722595215,0.06657271575927734,0.6838060179948807,1.9192392826080322,0,0.01132507530041039,0.00011655433306077611,0.000197059827769408,0.007719359636306763,0.0024383819699287414,0.0,0.06681803822517395,766339.05725,0.0,0.08598316955566407,0.0782509765625,0.08634032440185548,0.08352482604980468,0.009751250267028808,0.00011957594752311706,0.00019825409352779388,0.007494975090026856,0.0026553850173950196,0.0,0.06657270812988281,767072.128,0.0
8,3.677159342441323e-05,0.016886307803913952,0.015903674125671386,0.06780160522460937,0.5896256427764892,1.577081561088562,0,0.011169658962637186,0.00011433297761686844,0.00019554214551317274,0.007461720466613769,0.0024681612849235535,0.0,0.06639128295332193,766381.948,0.0,0.08465037536621094,0.08613088226318359,0.08451018524169922,0.08509715270996093,0.00990974235534668,0.00011987863481044769,0.00019881272315979003,0.007466070175170899,0.002760988235473633,0.0,0.0678016128540039,767072.128,0.0
9,3.291160649658636e-05,0.01643045380152762,0.015438060760498046,0.06531751251220703,0.6400475974082946,2.1885182857513428,0,0.010812987990677357,0.0001123493154955213,0.0001940988693095278,0.007230503082275391,0.002228185951709747,0.0,0.06324747613072396,766117.999,0.0,0.08469855499267578,0.07832850646972657,0.08222640228271484,0.08175115966796875,0.009590289115905763,0.00011695542186498642,0.00019542020559310913,0.007241333961486816,0.0025465941429138185,0.0,0.06531751251220703,767072.128,0.0
10,2.8836082902858047e-05,0.015754926877096294,0.016881912231445313,0.07837539672851562,0.7425540318489074,2.618309497833252,0,0.010489935590885579,0.00010529982418302097,0.00018250110319058876,0.007008821964263916,0.002090749979019165,0.0,0.06240232156217098,766154.49175,0.0,0.09427547454833984,0.08113737487792969,0.12288069152832032,0.09943118286132813,0.011094047546386718,0.0001157572939991951,0.00019342523813247682,0.007279531955718994,0.0027528119087219236,0.0,0.07837539672851562,767072.128,0.0
11,2.466354280044379e-05,0.015697411492466926,0.014882600784301758,0.06267224884033203,0.4547150927782059,1.477137565612793,0,0.01032047000527382,0.00010753882989229169,0.00018604170352045914,0.0070831928253173825,0.002148506164550781,0.0,0.06048025858402252,766182.725,0.0,0.08368518829345703,0.07228682708740235,0.07831174468994141,0.07809458923339843,0.009221582412719727,0.00011322036385536194,0.00018981701135635377,0.007014776229858398,0.002408890724182129,0.0,0.06267224884033203,767072.128,0.0
12,2.0515327680210476e-05,0.015141546544618904,0.01515789794921875,0.06620557403564453,0.5042008206248283,1.4025648832321167,0,0.009956283587962389,0.00010370525778125738,0.0001825305633174139,0.006582978248596191,0.001936383843421936,0.0,0.05775020697712898,766462.91425,0.0,0.08586808013916016,0.07308444976806641,0.09104905700683594,0.0833338623046875,0.009574848175048828,0.00011166100203990937,0.0001875743865966797,0.006934745788574219,0.002386368989944458,0.0,0.06620556640625,767072.128,0.0
13,1.651207163908012e-05,0.015222854039631783,0.014598493576049804,0.061664066314697265,0.506818973660469,1.2969954013824463,0,0.009952461718581617,0.0001054078462148027,0.00018591207447025228,0.006665122032165527,0.0019045687317848206,0.0,0.0570727032572031,766321.20775,0.0,0.08310590362548828,0.07000894165039062,0.07764654541015625,0.07692046356201172,0.009075845718383789,0.00011045297235250473,0.00018571735918521882,0.006822494506835938,0.0023196401596069336,0.0,0.0616640625,767072.128,0.0
14,1.2770193224131885e-05,0.014638886081054807,0.014388202667236328,0.06036871719360352,0.3557020816802979,0.9589460492134094,0,0.009647179211489856,9.983413736154035e-05,0.00017656474013347178,0.0064708304405212405,0.0017807597517967223,0.0,0.054661161310970784,766455.6315,0.0,0.0795061264038086,0.07089036560058594,0.0752918701171875,0.07522945404052735,0.00890670394897461,0.00010962998121976853,0.0001845661997795105,0.006759251117706299,0.00225203800201416,0.0,0.06036871719360352,767072.128,0.0
15,9.39850986895967e-06,0.014683391373604537,0.014153289794921874,0.058729820251464844,0.1946118827164173,0.5463071465492249,0,0.009584966759197414,0.00010196849189924251,0.00018002213292493251,0.006661756992340088,0.0018468076586723328,0.0,0.05463027493655682,765888.619,0.0,0.07576046752929687,0.06835417175292968,0.07466816711425782,0.07292760467529297,0.008710917472839355,0.00010884743183851241,0.0001833335906267166,0.006708446502685547,0.002223903656005859,0.0,0.05872982406616211,767072.128,0.0
16,6.495073377741711e-06,0.014381408048793674,0.014097446441650391,0.058405387878417966,0.1401945815384388,0.5244349837303162,0,0.00942478136625141,9.913253283957601e-05,0.00017668042057630373,0.0064985048770904545,0.0017737398743629456,0.0,0.053706686921417716,766425.4175,0.0,0.07548054504394532,0.06798493957519532,0.07390359497070312,0.07245635986328125,0.008671497344970703,0.00010851895809173584,0.0001828276216983795,0.006680531978607178,0.0022061336040496825,0.0,0.058405387878417966,767072.128,0.0
17,4.144318484197592e-06,0.014986786835826934,0.014062780380249024,0.058239662170410156,0.11411393585801125,0.31850630044937134,0,0.009746602014638483,0.00010480369697688729,0.00018478380970918807,0.006809658527374267,0.0018589452505111694,0.0,0.05472336535155773,765897.12925,0.0,0.07535353088378906,0.06773212432861328,0.07362451171875,0.07223672485351562,0.008649164199829102,0.00010827230662107468,0.00018242660164833068,0.006664128303527832,0.002196840286254883,0.0,0.05823965835571289,767072.128,0.0
18,2.4146074080889003e-06,0.014345632794313133,0.014044305801391602,0.05817850112915039,0.11542206528782845,0.2910744249820709,0,0.009387375910766422,9.916513732241583e-05,0.00017616838382309653,0.006339940309524536,0.0017773526906967162,0.0,0.053397509150207044,766681.455,0.0,0.07538704681396484,0.06761141967773437,0.07352879333496094,0.07217575073242187,0.008639698982238769,0.00010809212923049926,0.00018212176859378816,0.006651937484741211,0.002191133499145508,0.0,0.05817850112915039,767072.128,0.0
19,1.3562418159286768e-06,0.014022876284085214,0.014031542778015136,0.05810942077636719,0.08465141707658767,0.24150842428207397,0,0.009262053632177412,9.521645256972988e-05,0.00016918768417235696,0.006240350961685181,0.0017274470925331116,0.0,0.0525553475022316,766461.37325,0.0,0.07519290161132812,0.06756382751464844,0.07349391174316407,0.07208355712890625,0.008631263732910156,0.00010800556838512421,0.00018197791278362274,0.006645747661590576,0.002188249588012695,0.0,0.05810942077636719,767072.128,0.0
20,1e-06,0.01431755581125617,0.014026655197143554,0.05808725738525391,0.0886802047342062,0.21468646824359894,0,0.009331869496963918,9.971372611107654e-05,0.00017863452659366884,0.006372060775756836,0.0017188887596130372,0.0,0.052426779314875604,766384.538,0.0,0.07512176513671875,0.06763301849365234,0.07340463256835937,0.07205313873291015,0.00862843132019043,0.00010796447098255157,0.0001819022595882416,0.00664223051071167,0.0021868410110473632,0.0,0.05808725357055664,767072.128,0.0
