step,epoch,grad_norm
1,1,0.21653
2,1,0.255788
3,1,0.224815
4,1,0.347837
5,1,0.351381
6,1,0.231293
7,1,0.267382
8,1,0.243293
9,1,0.220942
10,1,0.316868
11,1,0.262861
12,1,0.233334
13,1,0.173688
14,1,0.252526
15,1,0.206601
16,1,0.190151
17,1,0.360946
18,1,0.383331
19,1,0.1736
20,1,0.264688
21,1,0.271937
22,1,0.144267
23,1,0.290437
24,1,0.632232
25,1,0.723948
26,1,0.379631
27,1,0.340148
28,1,0.642576
29,1,0.289898
30,1,0.495004
31,1,0.63738
32,1,0.398002
33,1,0.520216
34,1,0.8104
35,1,1.12067
36,1,2.00173
37,1,1.01917
38,1,1.24681
39,1,1.7439
40,1,2.14601
41,1,2.9347
42,1,3.06708
43,1,4.52509
44,1,5.58388
45,1,3.52098
46,1,3.12673
47,1,2.85319
48,1,6.50659
49,1,2.23414
50,1,5.3489
51,1,2.59142
52,1,2.79263
53,1,2.71005
54,1,4.68608
55,1,2.6899
56,1,2.29346
57,1,4.33613
58,1,5.61645
59,1,2.91467
60,1,4.34682
61,1,3.01845
62,1,3.08675
63,1,2.92706
64,1,2.1944
65,1,3.16526
66,1,1.42605
67,1,2.68699
68,1,1.45071
69,1,2.80452
70,1,1.04008
71,1,1.24182
72,1,1.64148
73,1,1.98977
74,1,2.86891
75,1,3.48837
76,1,3.04322
77,1,2.22675
78,1,1.65508
79,1,2.14061
80,1,2.02798
81,1,1.32956
82,1,3.19889
83,1,3.4903
84,1,5.12035
85,1,4.81351
86,1,3.83812
87,1,2.39091
88,1,3.88715
89,1,3.37912
90,1,2.88357
91,1,4.06142
92,1,3.24073
93,1,1.75034
94,1,3.65496
95,1,3.24121
96,1,3.05321
97,1,4.73531
98,1,2.88953
99,1,2.74558
100,1,1.70403
101,1,2.5196
102,1,3.14909
103,1,1.27974
104,1,3.5898
105,1,3.19041
106,1,3.18669
107,1,1.50271
108,1,2.75404
109,1,3.2382
110,1,5.06597
111,1,3.7024
112,1,2.06364
113,1,2.67443
114,1,4.0881
115,1,2.64187
116,1,2.17978
117,1,2.14852
118,1,3.34538
119,1,3.04491
120,1,1.45219
121,1,3.11001
122,1,2.67726
123,1,3.11298
124,1,3.90281
125,1,3.06453
126,2,1.09047
127,2,3.52923
128,2,3.91658
129,2,4.26036
130,2,3.6961
131,2,2.24916
132,2,2.55703
133,2,4.79921
134,2,3.34316
135,2,2.02414
136,2,3.40147
137,2,3.26442
138,2,1.85443
139,2,3.14998
140,2,1.84551
141,2,1.85221
142,2,2.62297
143,2,2.14248
144,2,2.29649
145,2,2.03467
146,2,1.72832
147,2,3.43569
148,2,3.91324
149,2,3.90574
150,2,2.00986
151,2,5.07137
152,2,2.43913
153,2,3.35324
154,2,4.14544
155,2,2.33602
156,2,4.09528
157,2,2.03148
158,2,3.16867
159,2,3.23064
160,2,1.6282
161,2,3.27978
162,2,4.07075
163,2,2.3571
164,2,1.77636
165,2,2.4435
166,2,2.3688
167,2,1.79511
168,2,1.68954
169,2,2.2663
170,2,2.07048
171,2,1.96238
172,2,1.71597
173,2,2.67791
174,2,1.86286
175,2,2.64696
176,2,2.06384
177,2,2.0477
178,2,2.11054
179,2,1.55801
180,2,2.43292
181,2,1.77215
182,2,1.67606
183,2,2.0113
184,2,1.69425
185,2,1.58849
186,2,1.02758
187,2,3.0586
188,2,1.29758
189,2,2.06134
190,2,1.80709
191,2,2.14244
192,2,3.83399
193,2,2.9476
194,2,3.03406
195,2,2.52705
196,2,1.96747
197,2,2.9279
198,2,3.67906
199,2,3.83304
200,2,2.09809
201,2,2.5773
202,2,4.14134
203,2,3.16951
204,2,1.32397
205,2,2.86411
206,2,3.48031
207,2,2.89576
208,2,2.32669
209,2,2.19646
210,2,2.04567
211,2,2.34077
212,2,3.48667
213,2,2.57154
214,2,1.47623
215,2,1.92953
216,2,2.39853
217,2,1.89368
218,2,1.65687
219,2,1.77939
220,2,2.6223
221,2,1.52458
222,2,2.19811
223,2,2.17447
224,2,2.08141
225,2,2.48108
226,2,1.66782
227,2,1.71015
228,2,1.91529
229,2,2.42582
230,2,2.73799
231,2,2.17793
232,2,1.7222
233,2,1.80955
234,2,1.26402
235,2,1.23431
236,2,2.13712
237,2,1.11666
238,2,1.99221
239,2,1.54826
240,2,2.40105
241,2,2.66518
242,2,2.75697
243,2,1.64728
244,2,3.37025
245,2,4.11015
246,2,1.94488
247,2,2.32013
248,2,3.25402
249,2,1.85405
250,2,2.28548
251,3,2.63593
252,3,1.54062
253,3,1.92766
254,3,1.30682
255,3,1.86396
256,3,1.32785
257,3,1.65993
258,3,1.78236
259,3,2.81632
260,3,3.10982
261,3,2.50083
262,3,1.16343
263,3,2.13798
264,3,2.9581
265,3,2.03927
266,3,1.04864
267,3,1.9242
268,3,1.86846
269,3,1.6575
270,3,1.56253
271,3,2.18064
272,3,2.57955
273,3,0.869698
274,3,2.81981
275,3,2.91878
276,3,1.64446
277,3,0.801188
278,3,1.64974
279,3,1.08497
280,3,1.63003
281,3,2.17786
282,3,2.26347
283,3,1.43651
284,3,2.27837
285,3,3.01393
286,3,1.51984
287,3,1.72097
288,3,2.06505
289,3,1.4449
290,3,2.26093
291,3,2.34972
292,3,0.87622
293,3,2.27112
294,3,2.083
295,3,1.06477
296,3,1.99608
297,3,1.84325
298,3,1.4867
299,3,1.27113
300,3,1.60165
301,3,0.788835
302,3,1.34411
303,3,1.87814
304,3,1.26409
305,3,1.56693
306,3,0.868322
307,3,1.51531
308,3,1.2448
309,3,1.40359
310,3,1.59031
311,3,1.28407
312,3,1.58701
313,3,1.70865
314,3,1.2885
315,3,1.79972
316,3,1.25747
317,3,1.30197
318,3,1.30433
319,3,1.71512
320,3,1.16605
321,3,1.85524
322,3,1.51415
323,3,1.33791
324,3,1.73571
325,3,1.87263
326,3,1.19945
327,3,1.2604
328,3,1.24514
329,3,1.58376
330,3,1.35888
331,3,1.27403
332,3,1.49598
333,3,0.754865
334,3,1.42026
335,3,1.64684
336,3,1.00062
337,3,1.58621
338,3,1.04358
339,3,1.44247
340,3,0.905681
341,3,1.53659
342,3,1.05815
343,3,1.17855
344,3,0.963464
345,3,1.45995
346,3,1.66308
347,3,0.822155
348,3,1.64973
349,3,1.05314
350,3,1.46847
351,3,1.02889
352,3,0.951408
353,3,1.28775
354,3,1.19818
355,3,1.56936
356,3,1.09531
357,3,1.36167
358,3,1.42576
359,3,1.6674
360,3,0.804154
361,3,1.47893
362,3,1.81705
363,3,1.56827
364,3,1.60157
365,3,2.64672
366,3,1.84434
367,3,2.08687
368,3,1.83364
369,3,1.39174
370,3,1.38916
371,3,1.52074
372,3,1.38362
373,3,1.31413
374,3,1.37008
375,3,1.50148
376,4,1.43283
377,4,0.88143
378,4,1.45552
379,4,1.18023
380,4,1.53241
381,4,1.15414
382,4,1.00006
383,4,1.80291
384,4,2.72894
385,4,1.56441
386,4,1.28427
387,4,2.2287
388,4,1.14541
389,4,1.98122
390,4,2.4707
391,4,0.940329
392,4,1.89449
393,4,1.64376
394,4,1.32438
395,4,2.24884
396,4,2.12674
397,4,1.70213
398,4,1.37469
399,4,1.73679
400,4,1.35401
401,4,1.82563
402,4,1.68834
403,4,1.38488
404,4,1.68188
405,4,1.61643
406,4,1.3798
407,4,1.24748
408,4,1.85194
409,4,1.72231
410,4,1.4675
411,4,1.75169
412,4,1.16393
413,4,1.31039
414,4,0.902836
415,4,1.65176
416,4,1.50531
417,4,1.30155
418,4,0.812448
419,4,1.32187
420,4,0.899224
421,4,1.19461
422,4,1.10844
423,4,1.13034
424,4,0.972959
425,4,1.47712
426,4,1.14887
427,4,1.50341
428,4,1.12046
429,4,1.13973
430,4,0.88059
431,4,1.14491
432,4,0.967303
433,4,1.40614
434,4,1.7065
435,4,1.33175
436,4,1.25134
437,4,1.54838
438,4,1.23536
439,4,1.17587
440,4,1.93372
441,4,1.55262
442,4,0.905323
443,4,1.26902
444,4,1.99321
445,4,1.3758
446,4,0.801938
447,4,1.5187
448,4,1.8096
449,4,0.763464
450,4,1.3478
451,4,1.39436
452,4,1.02383
453,4,1.54942
454,4,1.22553
455,4,1.13666
456,4,1.74831
457,4,1.20106
458,4,1.06893
459,4,1.85734
460,4,0.87403
461,4,1.48557
462,4,1.02015
463,4,2.09523
464,4,0.637206
465,4,1.64556
466,4,1.5546
467,4,1.94565
468,4,1.67115
469,4,1.7576
470,4,1.44464
471,4,1.1005
472,4,1.74565
473,4,1.02522
474,4,1.60349
475,4,1.71973
476,4,0.891307
477,4,1.79738
478,4,1.62955
479,4,1.2382
480,4,0.923999
481,4,0.976929
482,4,1.25725
483,4,1.01753
484,4,1.14652
485,4,1.96315
486,4,0.826866
487,4,0.90032
488,4,1.15631
489,4,1.12659
490,4,1.13597
491,4,0.977941
492,4,1.64154
493,4,0.820503
494,4,0.905289
495,4,2.3159
496,4,1.98342
497,4,1.44587
498,4,2.23591
499,4,1.65344
500,4,1.48541
501,5,1.32792
502,5,1.04642
503,5,1.86554
504,5,1.30773
505,5,2.16207
506,5,1.62513
507,5,1.26973
508,5,1.06885
509,5,0.868004
510,5,1.01576
511,5,1.97469
512,5,1.13672
513,5,1.09349
514,5,1.56319
515,5,1.09411
516,5,1.09595
517,5,0.885706
518,5,0.885103
519,5,1.86447
520,5,1.16503
521,5,1.42191
522,5,1.38806
523,5,1.19203
524,5,1.69004
525,5,1.61027
526,5,1.07578
527,5,2.8206
528,5,1.27996
529,5,1.47845
530,5,1.98584
531,5,1.24624
532,5,2.07541
533,5,2.15225
534,5,1.44084
535,5,1.88819
536,5,1.1785
537,5,2.1292
538,5,1.85378
539,5,1.63186
540,5,2.0764
541,5,1.68512
542,5,1.56832
543,5,1.20129
544,5,1.70417
545,5,1.54975
546,5,1.11939
547,5,1.83457
548,5,1.25966
549,5,1.59554
550,5,1.21624
551,5,1.78865
552,5,1.43711
553,5,2.00358
554,5,0.905512
555,5,1.89292
556,5,1.7759
557,5,1.25459
558,5,1.21954
559,5,1.15886
560,5,1.00233
561,5,1.63381
562,5,1.41077
563,5,0.743914
564,5,1.42441
565,5,1.28278
566,5,0.777568
567,5,0.602953
568,5,1.41096
569,5,1.22223
570,5,0.617533
571,5,1.43904
572,5,1.70407
573,5,1.3001
574,5,1.15571
575,5,1.48735
576,5,1.39827
577,5,1.23066
578,5,1.06724
579,5,1.80472
580,5,0.629529
581,5,1.89181
582,5,1.57754
583,5,1.11035
584,5,1.68159
585,5,1.22887
586,5,1.10558
587,5,1.04235
588,5,0.795915
589,5,0.761364
590,5,0.822814
591,5,0.533774
592,5,0.889275
593,5,0.878877
594,5,0.984756
595,5,1.42474
596,5,1.26826
597,5,0.889682
598,5,1.32915
599,5,1.52679
600,5,1.02072
601,5,1.18445
602,5,1.46059
603,5,1.10552
604,5,1.10647
605,5,1.18978
606,5,1.2587
607,5,0.997592
608,5,1.34909
609,5,2.08151
610,5,1.95473
611,5,1.05146
612,5,0.746388
613,5,1.60517
614,5,1.65599
615,5,0.626588
616,5,1.46539
617,5,1.51177
618,5,0.756419
619,5,1.42758
620,5,1.91127
621,5,0.702667
622,5,1.64269
623,5,2.10397
624,5,0.611315
625,5,1.86589
626,6,1.57239
627,6,1.08776
628,6,1.87099
629,6,1.21796
630,6,1.13358
631,6,1.29235
632,6,1.22603
633,6,1.53943
634,6,2.27072
635,6,1.02672
636,6,2.26979
637,6,0.997933
638,6,2.23834
639,6,2.1946
640,6,1.64129
641,6,1.94981
642,6,1.20959
643,6,2.05214
644,6,0.899059
645,6,1.73664
646,6,1.50403
647,6,0.71031
648,6,1.23331
649,6,0.756489
650,6,1.62776
651,6,1.03011
652,6,1.27882
653,6,1.01085
654,6,1.25152
655,6,0.735109
656,6,1.4034
657,6,0.917333
658,6,1.65385
659,6,1.25221
660,6,1.39474
661,6,1.30042
662,6,1.54128
663,6,1.38863
664,6,1.45006
665,6,1.35394
666,6,1.27079
667,6,1.53258
668,6,1.29143
669,6,1.3492
670,6,1.44239
671,6,1.24338
672,6,1.18515
673,6,1.2113
674,6,1.23896
675,6,0.67551
676,6,1.25503
677,6,0.760177
678,6,1.01869
679,6,1.18644
680,6,0.93825
681,6,1.10716
682,6,0.752978
683,6,0.820707
684,6,0.885994
685,6,0.873713
686,6,0.874284
687,6,0.778825
688,6,1.26162
689,6,1.07399
690,6,0.707092
691,6,1.14034
692,6,1.16097
693,6,0.581149
694,6,0.978925
695,6,0.540297
696,6,1.23836
697,6,0.877442
698,6,1.01636
699,6,1.14773
700,6,0.598159
701,6,1.48181
702,6,1.68104
703,6,1.37928
704,6,1.62289
705,6,1.05588
706,6,1.43545
707,6,0.902119
708,6,1.7208
709,6,1.57985
710,6,1.19923
711,6,1.00205
712,6,1.28948
713,6,1.69365
714,6,1.37569
715,6,0.788072
716,6,1.03734
717,6,1.55699
718,6,0.87452
719,6,1.51969
720,6,0.884622
721,6,1.46425
722,6,1.24173
723,6,0.977704
724,6,1.59249
725,6,0.717284
726,6,1.50359
727,6,0.725879
728,6,1.44284
729,6,1.04837
730,6,0.717014
731,6,0.773465
732,6,0.655898
733,6,1.06337
734,6,0.534942
735,6,0.912605
736,6,1.17932
737,6,1.03708
738,6,0.622778
739,6,0.907012
740,6,1.03531
741,6,0.806625
742,6,0.413398
743,6,0.96242
744,6,0.538544
745,6,0.972663
746,6,0.862209
747,6,0.602027
748,6,0.792592
749,6,0.460053
750,6,0.746221
751,7,1.07759
752,7,1.07431
753,7,0.57191
754,7,0.933063
755,7,1.15316
756,7,0.782455
757,7,1.1222
758,7,0.595458
759,7,0.729012
760,7,0.975301
761,7,0.967297
762,7,0.903039
763,7,0.868842
764,7,0.807676
765,7,1.3554
766,7,1.68673
767,7,0.810311
768,7,1.15977
769,7,1.43703
770,7,1.14712
771,7,1.03064
772,7,1.76133
773,7,1.6582
774,7,1.0821
775,7,1.76868
776,7,1.20873
777,7,1.22706
778,7,1.55565
779,7,0.734062
780,7,1.6896
781,7,0.759446
782,7,1.17167
783,7,1.09053
784,7,0.975831
785,7,1.73444
786,7,1.58501
787,7,1.0419
788,7,1.00664
789,7,1.34286
790,7,0.574848
791,7,1.16755
792,7,0.522222
793,7,1.13797
794,7,0.417878
795,7,0.994891
796,7,0.384727
797,7,1.0665
798,7,0.603612
799,7,0.75732
800,7,0.498044
801,7,0.699591
802,7,0.611871
803,7,0.521625
804,7,0.60016
805,7,0.74475
806,7,0.367516
807,7,0.593995
808,7,0.979607
809,7,1.30356
810,7,1.43015
811,7,0.94249
812,7,0.743605
813,7,1.24647
814,7,0.876782
815,7,0.886717
816,7,1.09363
817,7,0.590846
818,7,0.80622
819,7,0.445527
820,7,1.02509
821,7,0.791401
822,7,0.916551
823,7,0.876597
824,7,0.716538
825,7,0.836805
826,7,0.762098
827,7,1.28383
828,7,0.862556
829,7,1.20385
830,7,0.793818
831,7,1.37865
832,7,0.734379
833,7,1.14177
834,7,0.772937
835,7,1.28735
836,7,0.860489
837,7,1.21788
838,7,0.903381
839,7,1.05534
840,7,1.0759
841,7,0.782453
842,7,1.05653
843,7,0.879761
844,7,0.646988
845,7,0.83998
846,7,1.25361
847,7,0.62891
848,7,1.03299
849,7,0.890217
850,7,0.76663
851,7,0.958238
852,7,0.951057
853,7,0.727712
854,7,1.37938
855,7,1.38281
856,7,1.00925
857,7,0.97224
858,7,1.20106
859,7,0.904085
860,7,0.809665
861,7,0.623013
862,7,1.29818
863,7,1.04399
864,7,0.788355
865,7,0.886742
866,7,0.733389
867,7,0.8987
868,7,0.845568
869,7,0.879193
870,7,1.24683
871,7,0.452914
872,7,0.885834
873,7,0.893169
874,7,1.22995
875,7,0.68304
876,8,1.35957
877,8,0.936355
878,8,0.94829
879,8,1.18823
880,8,1.14188
881,8,0.684827
882,8,1.38912
883,8,0.654773
884,8,1.06924
885,8,0.759757
886,8,0.673015
887,8,0.508827
888,8,0.892055
889,8,0.522422
890,8,0.635543
891,8,0.911596
892,8,0.824322
893,8,0.805018
894,8,0.569349
895,8,0.814347
896,8,0.718319
897,8,0.758631
898,8,1.11618
899,8,0.796462
900,8,1.35912
901,8,1.39045
902,8,1.0729
903,8,1.48068
904,8,0.642781
905,8,1.4069
906,8,0.980668
907,8,1.42471
908,8,0.907992
909,8,1.23902
910,8,0.592024
911,8,1.25669
912,8,0.525872
913,8,1.41549
914,8,0.699724
915,8,1.28256
916,8,1.39741
917,8,1.30209
918,8,1.07306
919,8,1.18759
920,8,1.08821
921,8,0.831657
922,8,1.09624
923,8,1.43485
924,8,0.789932
925,8,1.10058
926,8,0.893337
927,8,0.90568
928,8,0.695144
929,8,1.21218
930,8,0.559472
931,8,0.764166
932,8,0.577736
933,8,0.61479
934,8,0.87411
935,8,1.1631
936,8,0.501449
937,8,1.04775
938,8,0.794848
939,8,0.683088
940,8,0.590291
941,8,0.603187
942,8,0.73392
943,8,0.550485
944,8,0.549886
945,8,0.703921
946,8,0.569899
947,8,0.636614
948,8,0.510313
949,8,0.333281
950,8,0.653774
951,8,0.580092
952,8,0.611269
953,8,0.473632
954,8,0.49894
955,8,0.831707
956,8,0.871578
957,8,0.774175
958,8,0.819995
959,8,0.669603
960,8,0.860268
961,8,0.799031
962,8,1.40981
963,8,0.991549
964,8,0.92199
965,8,1.4366
966,8,1.01161
967,8,0.48627
968,8,0.821511
969,8,0.636724
970,8,0.713761
971,8,0.760989
972,8,0.973534
973,8,0.518054
974,8,0.833505
975,8,0.662482
976,8,0.87097
977,8,0.959374
978,8,1.07033
979,8,0.858531
980,8,0.869755
981,8,0.980539
982,8,0.994405
983,8,0.674969
984,8,0.935856
985,8,0.972572
986,8,0.572116
987,8,0.70841
988,8,0.635615
989,8,0.588589
990,8,0.80844
991,8,0.726254
992,8,0.840021
993,8,1.24412
994,8,0.841646
995,8,1.31911
996,8,0.9832
997,8,0.872518
998,8,1.06175
999,8,1.01952
1000,8,0.816313
1001,9,0.970748
1002,9,0.617574
1003,9,1.18985
1004,9,0.531142
1005,9,0.951671
1006,9,0.790454
1007,9,0.942127
1008,9,0.465548
1009,9,0.74119
1010,9,0.627552
1011,9,0.572333
1012,9,0.491649
1013,9,0.629565
1014,9,0.703645
1015,9,0.509728
1016,9,0.652477
1017,9,0.446685
1018,9,0.632102
1019,9,0.488845
1020,9,0.612472
1021,9,1.3332
1022,9,1.30016
1023,9,0.818225
1024,9,1.30478
1025,9,0.972649
1026,9,1.71427
1027,9,0.848148
1028,9,1.67581
1029,9,1.52305
1030,9,1.13787
1031,9,2.13572
1032,9,1.12835
1033,9,1.15714
1034,9,1.1606
1035,9,0.80358
1036,9,1.69746
1037,9,1.85216
1038,9,0.724069
1039,9,1.30995
1040,9,1.68239
1041,9,0.722165
1042,9,1.04965
1043,9,1.06785
1044,9,1.06206
1045,9,0.85865
1046,9,0.978566
1047,9,1.44371
1048,9,0.619169
1049,9,0.817763
1050,9,0.617082
1051,9,1.00729
1052,9,1.04071
1053,9,0.505312
1054,9,0.921311
1055,9,0.448563
1056,9,0.914826
1057,9,0.758555
1058,9,0.879671
1059,9,1.37759
1060,9,0.465235
1061,9,1.09666
1062,9,0.755584
1063,9,0.866251
1064,9,0.872489
1065,9,0.851262
1066,9,0.976576
1067,9,0.589051
1068,9,0.896582
1069,9,1.17429
1070,9,0.487383
1071,9,0.960262
1072,9,0.845991
1073,9,0.638409
1074,9,0.577053
1075,9,0.486344
1076,9,0.587083
1077,9,0.459449
1078,9,0.616927
1079,9,0.727049
1080,9,0.820701
1081,9,0.672058
1082,9,0.452096
1083,9,0.772987
1084,9,0.65825
1085,9,0.515763
1086,9,0.591351
1087,9,0.725822
1088,9,0.731612
1089,9,0.680914
1090,9,0.387495
1091,9,0.735938
1092,9,0.621129
1093,9,0.541758
1094,9,0.759405
1095,9,0.360742
1096,9,0.364479
1097,9,0.466087
1098,9,0.614344
1099,9,0.567592
1100,9,0.608717
1101,9,0.28785
1102,9,0.613546
1103,9,0.572141
1104,9,0.562531
1105,9,0.760909
1106,9,0.468858
1107,9,0.599369
1108,9,0.61527
1109,9,0.72054
1110,9,0.881472
1111,9,0.546361
1112,9,0.722404
1113,9,0.803534
1114,9,0.716876
1115,9,1.17094
1116,9,0.443256
1117,9,0.874981
1118,9,1.06914
1119,9,0.545526
1120,9,1.16002
1121,9,1.18997
1122,9,0.863101
1123,9,0.973244
1124,9,1.26878
1125,9,0.832651
1126,10,1.78195
1127,10,1.55805
1128,10,1.11698
1129,10,1.57991
1130,10,1.20026
1131,10,1.20879
1132,10,1.49792
1133,10,0.772879
1134,10,1.80767
1135,10,1.20185
1136,10,1.07724
1137,10,1.11166
1138,10,1.031
1139,10,1.10742
1140,10,1.13785
1141,10,1.11194
1142,10,0.70033
1143,10,1.18216
1144,10,0.650288
1145,10,1.47802
1146,10,1.21092
1147,10,0.987064
1148,10,1.34862
1149,10,0.726811
1150,10,1.71217
1151,10,0.737229
1152,10,1.66301
1153,10,0.960505
1154,10,1.84768
1155,10,0.653788
1156,10,1.73874
1157,10,1.02182
1158,10,1.88884
1159,10,1.01665
1160,10,1.05859
1161,10,1.0641
1162,10,0.874531
1163,10,1.11145
1164,10,1.2855
1165,10,0.714772
1166,10,1.59649
1167,10,1.24919
1168,10,1.10648
1169,10,0.847692
1170,10,0.929458
1171,10,0.745524
1172,10,0.916965
1173,10,0.715501
1174,10,0.930873
1175,10,0.702888
1176,10,0.856864
1177,10,0.864468
1178,10,0.896572
1179,10,1.04153
1180,10,0.782845
1181,10,1.17517
1182,10,1.13144
1183,10,0.787559
1184,10,1.03784
1185,10,0.805326
1186,10,1.12302
1187,10,0.710615
1188,10,1.06044
1189,10,0.841928
1190,10,1.11555
1191,10,0.906472
1192,10,1.06694
1193,10,0.691979
1194,10,1.01021
1195,10,0.764746
1196,10,1.51825
1197,10,0.935594
1198,10,1.49558
1199,10,1.3563
1200,10,1.10612
1201,10,1.3817
1202,10,0.922016
1203,10,1.17641
1204,10,0.984
1205,10,1.21426
1206,10,1.12794
1207,10,1.13323
1208,10,1.37884
1209,10,1.04426
1210,10,1.5595
1211,10,1.35575
1212,10,1.07121
1213,10,1.68289
1214,10,0.913633
1215,10,1.30386
1216,10,0.750227
1217,10,0.766796
1218,10,0.870294
1219,10,0.727356
1220,10,0.858904
1221,10,0.761414
1222,10,0.927063
1223,10,0.42521
1224,10,0.691282
1225,10,0.687733
1226,10,0.628792
1227,10,0.883499
1228,10,0.817053
1229,10,0.773068
1230,10,0.750807
1231,10,0.733949
1232,10,0.701862
1233,10,0.822737
1234,10,0.544564
1235,10,0.528288
1236,10,0.58247
1237,10,0.636689
1238,10,0.697217
1239,10,0.682407
1240,10,0.809349
1241,10,0.560583
1242,10,0.569635
1243,10,0.578553
1244,10,0.423618
1245,10,0.539581
1246,10,0.517054
1247,10,0.483571
1248,10,0.713068
1249,10,0.811107
1250,10,0.501115
1251,11,0.640857
1252,11,0.377246
1253,11,0.918766
1254,11,0.791101
1255,11,0.665961
1256,11,0.843697
1257,11,0.710929
1258,11,0.728601
1259,11,0.720678
1260,11,0.798488
1261,11,1.33229
1262,11,0.95465
1263,11,0.988163
1264,11,0.667336
1265,11,1.07707
1266,11,0.993755
1267,11,1.19666
1268,11,1.06435
1269,11,1.07881
1270,11,0.776194
1271,11,0.971861
1272,11,0.858264
1273,11,0.614446
1274,11,0.925256
1275,11,0.594907
1276,11,0.789169
1277,11,0.961464
1278,11,0.804411
1279,11,1.1408
1280,11,1.12403
1281,11,0.82795
1282,11,0.988886
1283,11,0.709049
1284,11,0.995692
1285,11,1.11591
1286,11,0.663437
1287,11,0.723661
1288,11,0.882976
1289,11,0.772498
1290,11,0.808491
1291,11,0.986545
1292,11,0.743273
1293,11,1.09164
1294,11,0.481103
1295,11,0.97029
1296,11,0.773786
1297,11,1.04967
1298,11,1.17309
1299,11,0.552486
1300,11,0.837919
1301,11,0.36423
1302,11,1.16884
1303,11,0.52183
1304,11,0.893605
1305,11,0.579764
1306,11,0.590166
1307,11,0.696731
1308,11,0.682873
1309,11,0.452229
1310,11,0.77458
1311,11,0.418094
1312,11,0.544016
1313,11,0.442598
1314,11,0.434653
1315,11,0.565893
1316,11,0.399592
1317,11,0.538126
1318,11,0.77346
1319,11,0.444406
1320,11,0.955769
1321,11,0.668908
1322,11,0.552446
1323,11,0.524558
1324,11,0.708144
1325,11,0.645531
1326,11,0.411564
1327,11,0.649217
1328,11,0.493308
1329,11,0.566983
1330,11,0.234268
1331,11,0.337832
1332,11,0.348572
1333,11,0.456106
1334,11,0.422384
1335,11,0.595529
1336,11,0.703478
1337,11,0.430588
1338,11,0.55239
1339,11,0.559593
1340,11,0.324935
1341,11,0.68282
1342,11,0.456555
1343,11,0.700942
1344,11,0.649101
1345,11,0.971516
1346,11,0.478994
1347,11,0.83719
1348,11,0.663032
1349,11,1.09534
1350,11,0.644517
1351,11,1.33843
1352,11,0.979038
1353,11,0.983743
1354,11,1.02536
1355,11,0.659432
1356,11,0.893041
1357,11,0.672474
1358,11,1.08227
1359,11,0.543475
1360,11,0.616416
1361,11,0.862613
1362,11,1.02748
1363,11,0.658739
1364,11,1.0674
1365,11,0.672676
1366,11,0.968194
1367,11,0.726334
1368,11,0.901021
1369,11,0.7354
1370,11,1.06865
1371,11,0.848689
1372,11,0.841939
1373,11,0.791603
1374,11,0.989237
1375,11,0.762652
1376,12,0.810033
1377,12,1.00011
1378,12,0.816429
1379,12,0.902068
1380,12,0.786304
1381,12,0.896696
1382,12,0.722193
1383,12,0.777009
1384,12,0.590427
1385,12,0.784449
1386,12,0.808506
1387,12,0.596428
1388,12,0.793405
1389,12,0.757988
1390,12,0.805567
1391,12,0.811374
1392,12,0.880762
1393,12,0.57214
1394,12,0.933453
1395,12,0.713773
1396,12,0.713604
1397,12,0.880923
1398,12,0.891039
1399,12,0.903586
1400,12,0.939706
1401,12,0.7658
1402,12,0.821172
1403,12,0.683602
1404,12,0.6978
1405,12,0.59346
1406,12,0.524204
1407,12,0.564703
1408,12,0.741706
1409,12,0.497178
1410,12,0.676736
1411,12,0.602214
1412,12,0.776626
1413,12,0.603283
1414,12,1.01782
1415,12,0.384623
1416,12,0.705076
1417,12,0.429764
1418,12,0.708194
1419,12,0.634044
1420,12,0.945284
1421,12,0.569048
1422,12,1.07742
1423,12,0.534382
1424,12,1.19213
1425,12,0.510617
1426,12,0.872074
1427,12,0.629111
1428,12,0.799452
1429,12,0.624307
1430,12,0.841409
1431,12,0.58236
1432,12,0.704762
1433,12,0.567647
1434,12,0.639279
1435,12,0.556986
1436,12,0.730762
1437,12,0.361485
1438,12,0.837803
1439,12,0.601217
1440,12,1.1674
1441,12,0.758634
1442,12,0.831809
1443,12,0.928562
1444,12,0.563037
1445,12,1.04486
1446,12,0.559833
1447,12,0.586827
1448,12,0.729596
1449,12,1.16816
1450,12,0.629925
1451,12,0.948384
1452,12,0.839609
1453,12,0.729159
1454,12,0.825287
1455,12,0.614747
1456,12,0.944008
1457,12,0.962535
1458,12,1.02285
1459,12,0.954722
1460,12,0.772232
1461,12,1.0665
1462,12,0.725708
1463,12,0.890637
1464,12,0.730672
1465,12,1.08796
1466,12,0.713587
1467,12,1.1711
1468,12,0.820872
1469,12,0.945004
1470,12,0.693549
1471,12,0.7916
1472,12,0.76501
1473,12,0.807601
1474,12,0.531634
1475,12,0.866555
1476,12,0.862604
1477,12,0.961878
1478,12,1.10764
1479,12,0.763204
1480,12,1.29955
1481,12,0.540044
1482,12,1.18494
1483,12,0.541483
1484,12,0.924303
1485,12,0.559073
1486,12,0.766645
1487,12,0.362259
1488,12,0.692257
1489,12,0.445254
1490,12,0.62292
1491,12,0.702122
1492,12,0.496086
1493,12,0.729172
1494,12,0.382834
1495,12,0.800774
1496,12,0.700134
1497,12,0.486802
1498,12,0.646926
1499,12,0.580436
1500,12,0.474312
1501,13,0.688903
1502,13,0.409862
1503,13,0.698772
1504,13,0.444859
1505,13,0.634783
1506,13,0.516214
1507,13,0.599425
1508,13,0.613935
1509,13,0.557589
1510,13,0.967301
1511,13,0.3328
1512,13,0.866729
1513,13,0.417541
1514,13,0.533288
1515,13,0.542239
1516,13,0.524182
1517,13,0.356277
1518,13,0.521227
1519,13,0.397138
1520,13,0.273132
1521,13,0.53333
1522,13,0.459042
1523,13,0.528502
1524,13,0.231752
1525,13,0.412551
1526,13,0.632313
1527,13,0.640329
1528,13,0.300611
1529,13,0.486372
1530,13,0.264046
1531,13,0.448148
1532,13,0.351686
1533,13,0.22821
1534,13,0.493235
1535,13,0.382934
1536,13,0.505797
1537,13,0.63449
1538,13,0.401217
1539,13,0.504822
1540,13,0.449987
1541,13,0.463172
1542,13,0.435731
1543,13,1.00822
1544,13,0.829882
1545,13,0.51462
1546,13,1.13457
1547,13,0.515109
1548,13,0.759716
1549,13,0.509754
1550,13,0.609247
1551,13,0.474972
1552,13,0.458184
1553,13,0.442753
1554,13,0.479334
1555,13,0.480602
1556,13,0.294929
1557,13,0.517706
1558,13,0.316099
1559,13,0.366176
1560,13,0.493009
1561,13,0.523758
1562,13,0.428697
1563,13,0.435852
1564,13,0.473187
1565,13,0.44974
1566,13,0.641601
1567,13,0.951702
1568,13,0.368122
1569,13,0.569672
1570,13,0.46271
1571,13,0.374017
1572,13,0.599444
1573,13,0.383619
1574,13,0.445505
1575,13,0.353347
1576,13,0.247895
1577,13,0.361742
1578,13,0.353223
1579,13,0.194755
1580,13,0.357228
1581,13,0.222372
1582,13,0.364663
1583,13,0.22529
1584,13,0.301355
1585,13,0.181812
1586,13,0.421879
1587,13,0.190317
1588,13,0.206297
1589,13,0.201784
1590,13,0.152541
1591,13,0.247087
1592,13,0.186945
1593,13,0.202648
1594,13,0.189083
1595,13,0.135922
1596,13,0.186421
1597,13,0.183423
1598,13,0.185933
1599,13,0.164004
1600,13,0.295181
1601,13,0.144181
1602,13,0.261908
1603,13,0.260607
1604,13,0.188783
1605,13,0.301501
1606,13,0.175363
1607,13,0.266667
1608,13,0.237415
1609,13,0.198554
1610,13,0.256599
1611,13,0.186726
1612,13,0.201279
1613,13,0.133124
1614,13,0.206752
1615,13,0.0999264
1616,13,0.238696
1617,13,0.167231
1618,13,0.181696
1619,13,0.16659
1620,13,0.290301
1621,13,0.16649
1622,13,0.169257
1623,13,0.281654
1624,13,0.212908
1625,13,0.358332
1626,14,0.191234
1627,14,0.306029
1628,14,0.266971
1629,14,0.619868
1630,14,0.374164
1631,14,0.367028
1632,14,0.420742
1633,14,0.392693
1634,14,0.624073
1635,14,0.313372
1636,14,0.403113
1637,14,0.259957
1638,14,0.366622
1639,14,0.485325
1640,14,0.237947
1641,14,0.390828
1642,14,0.316076
1643,14,0.479964
1644,14,0.353308
1645,14,0.600291
1646,14,0.239746
1647,14,0.730715
1648,14,0.508091
1649,14,0.499578
1650,14,0.506052
1651,14,0.389355
1652,14,0.368303
1653,14,0.480099
1654,14,0.356127
1655,14,0.460352
1656,14,0.508774
1657,14,0.566824
1658,14,0.36119
1659,14,0.510721
1660,14,0.403833
1661,14,0.27934
1662,14,0.361428
1663,14,0.461424
1664,14,0.20054
1665,14,0.410183
1666,14,0.248109
1667,14,0.462092
1668,14,0.283478
1669,14,0.484269
1670,14,0.230522
1671,14,0.338719
1672,14,0.408991
1673,14,0.141459
1674,14,0.270829
1675,14,0.2599
1676,14,0.178454
1677,14,0.311947
1678,14,0.276347
1679,14,0.120459
1680,14,0.236643
1681,14,0.204002
1682,14,0.221149
1683,14,0.237193
1684,14,0.250404
1685,14,0.133666
1686,14,0.250745
1687,14,0.211645
1688,14,0.321643
1689,14,0.198591
1690,14,0.353817
1691,14,0.168276
1692,14,0.459861
1693,14,0.24733
1694,14,0.277651
1695,14,0.240076
1696,14,0.357375
1697,14,0.380478
1698,14,0.254604
1699,14,0.18859
1700,14,0.243356
1701,14,0.218245
1702,14,0.333582
1703,14,0.176798
1704,14,0.21288
1705,14,0.119707
1706,14,0.254108
1707,14,0.246123
1708,14,0.202325
1709,14,0.16942
1710,14,0.165982
1711,14,0.256278
1712,14,0.199751
1713,14,0.233988
1714,14,0.275726
1715,14,0.341832
1716,14,0.295187
1717,14,0.257751
1718,14,0.340925
1719,14,0.390514
1720,14,0.396546
1721,14,0.314296
1722,14,0.373507
1723,14,0.204458
1724,14,0.438125
1725,14,0.247974
1726,14,0.370358
1727,14,0.266067
1728,14,0.485303
1729,14,0.267502
1730,14,0.378182
1731,14,0.312996
1732,14,0.391616
1733,14,0.274483
1734,14,0.235161
1735,14,0.23604
1736,14,0.274479
1737,14,0.291444
1738,14,0.525635
1739,14,0.336291
1740,14,0.538661
1741,14,0.498801
1742,14,0.579977
1743,14,0.398932
1744,14,0.529535
1745,14,0.358271
1746,14,0.336154
1747,14,0.465888
1748,14,0.529475
1749,14,0.406161
1750,14,0.478849
1751,15,0.259334
1752,15,0.274948
1753,15,0.246686
1754,15,0.20981
1755,15,0.258586
1756,15,0.264478
1757,15,0.258427
1758,15,0.209932
1759,15,0.271847
1760,15,0.188017
1761,15,0.180298
1762,15,0.177887
1763,15,0.258694
1764,15,0.164406
1765,15,0.134931
1766,15,0.200524
1767,15,0.252202
1768,15,0.178739
1769,15,0.147727
1770,15,0.262289
1771,15,0.254363
1772,15,0.171541
1773,15,0.26392
1774,15,0.334982
1775,15,0.46559
1776,15,0.279363
1777,15,0.416098
1778,15,0.250336
1779,15,0.317124
1780,15,0.513206
1781,15,0.288556
1782,15,0.486049
1783,15,0.517769
1784,15,0.448403
1785,15,0.552519
1786,15,0.398602
1787,15,0.449008
1788,15,0.432617
1789,15,0.415592
1790,15,0.30542
1791,15,0.538026
1792,15,0.336291
1793,15,0.529243
1794,15,0.258159
1795,15,0.465965
1796,15,0.262136
1797,15,0.35812
1798,15,0.33704
1799,15,0.371245
1800,15,0.301813
1801,15,0.371288
1802,15,0.290499
1803,15,0.359333
1804,15,0.364737
1805,15,0.325566
1806,15,0.528326
1807,15,0.275827
1808,15,0.342268
1809,15,0.173687
1810,15,0.300359
1811,15,0.139001
1812,15,0.252145
1813,15,0.268546
1814,15,0.360061
1815,15,0.35294
1816,15,0.308667
1817,15,0.184582
1818,15,0.213891
1819,15,0.31755
1820,15,0.175651
1821,15,0.341942
1822,15,0.156256
1823,15,0.233097
1824,15,0.0984622
1825,15,0.242904
1826,15,0.112853
1827,15,0.229871
1828,15,0.230512
1829,15,0.179611
1830,15,0.251258
1831,15,0.125775
1832,15,0.225893
1833,15,0.178039
1834,15,0.284666
1835,15,0.200658
1836,15,0.236962
1837,15,0.125744
1838,15,0.234793
1839,15,0.0733433
1840,15,0.266561
1841,15,0.131543
1842,15,0.18502
1843,15,0.173084
1844,15,0.255193
1845,15,0.132744
1846,15,0.200129
1847,15,0.213143
1848,15,0.133308
1849,15,0.175832
1850,15,0.123835
1851,15,0.199205
1852,15,0.558569
1853,15,0.473541
1854,15,0.31163
1855,15,0.320899
1856,15,0.322029
1857,15,0.394142
1858,15,0.341094
1859,15,0.318771
1860,15,0.405681
1861,15,0.729709
1862,15,0.323027
1863,15,0.296185
1864,15,0.78382
1865,15,0.315451
1866,15,0.388095
1867,15,0.332641
1868,15,0.35886
1869,15,0.270108
1870,15,0.321646
1871,15,0.43071
1872,15,0.256147
1873,15,0.196488
1874,15,0.270499
1875,15,0.184218
1876,16,0.198099
1877,16,0.24303
1878,16,0.240964
1879,16,0.234692
1880,16,0.223252
1881,16,0.210782
1882,16,0.310973
1883,16,0.133389
1884,16,0.206778
1885,16,0.222408
1886,16,0.262412
1887,16,0.215805
1888,16,0.248996
1889,16,0.176545
1890,16,0.236209
1891,16,0.165228
1892,16,0.269228
1893,16,0.258672
1894,16,0.244314
1895,16,0.225553
1896,16,0.176003
1897,16,0.191559
1898,16,0.178177
1899,16,0.108978
1900,16,0.133763
1901,16,0.210762
1902,16,0.142302
1903,16,0.134798
1904,16,0.175405
1905,16,0.0873436
1906,16,0.218457
1907,16,0.099127
1908,16,0.153751
1909,16,0.14357
1910,16,0.120331
1911,16,0.15333
1912,16,0.084348
1913,16,0.23463
1914,16,0.0745022
1915,16,0.196499
1916,16,0.0918896
1917,16,0.19601
1918,16,0.0841402
1919,16,0.0820752
1920,16,0.168512
1921,16,0.151109
1922,16,0.135703
1923,16,0.134598
1924,16,0.136021
1925,16,0.14864
1926,16,0.120991
1927,16,0.14777
1928,16,0.128405
1929,16,0.100528
1930,16,0.112998
1931,16,0.0705839
1932,16,0.0948676
1933,16,0.0806913
1934,16,0.0827333
1935,16,0.102366
1936,16,0.0906663
1937,16,0.101456
1938,16,0.147733
1939,16,0.102433
1940,16,0.138358
1941,16,0.105093
1942,16,0.16613
1943,16,0.127382
1944,16,0.163656
1945,16,0.11083
1946,16,0.161822
1947,16,0.0883666
1948,16,0.162449
1949,16,0.0853139
1950,16,0.145588
1951,16,0.122469
1952,16,0.131055
1953,16,0.139704
1954,16,0.066198
1955,16,0.140929
1956,16,0.0771592
1957,16,0.124833
1958,16,0.126926
1959,16,0.193873
1960,16,0.155831
1961,16,0.155275
1962,16,0.175052
1963,16,0.0999761
1964,16,0.163837
1965,16,0.0781119
1966,16,0.151917
1967,16,0.0988435
1968,16,0.134986
1969,16,0.119031
1970,16,0.0875267
1971,16,0.0896145
1972,16,0.175591
1973,16,0.0829545
1974,16,0.14244
1975,16,0.33678
1976,16,0.251079
1977,16,0.281703
1978,16,0.170258
1979,16,0.342001
1980,16,0.287064
1981,16,0.199345
1982,16,0.194211
1983,16,0.228546
1984,16,0.195459
1985,16,0.239076
1986,16,0.243433
1987,16,0.211818
1988,16,0.206595
1989,16,0.108709
1990,16,0.148489
1991,16,0.302029
1992,16,0.171599
1993,16,0.252986
1994,16,0.214584
1995,16,0.247216
1996,16,0.307007
1997,16,0.237513
1998,16,0.291276
1999,16,0.226984
2000,16,0.162402
2001,17,0.163126
2002,17,0.148102
2003,17,0.181473
2004,17,0.156911
2005,17,0.130816
2006,17,0.138096
2007,17,0.100736
2008,17,0.130068
2009,17,0.114335
2010,17,0.273162
2011,17,0.122639
2012,17,0.211388
2013,17,0.2155
2014,17,0.189645
2015,17,0.166761
2016,17,0.123294
2017,17,0.193032
2018,17,0.146645
2019,17,0.15445
2020,17,0.219054
2021,17,0.100911
2022,17,0.214659
2023,17,0.102094
2024,17,0.134162
2025,17,0.180211
2026,17,0.0925943
2027,17,0.144461
2028,17,0.127539
2029,17,0.0936469
2030,17,0.210571
2031,17,0.121121
2032,17,0.134796
2033,17,0.1175
2034,17,0.12045
2035,17,0.125837
2036,17,0.123114
2037,17,0.103202
2038,17,0.0661565
2039,17,0.11538
2040,17,0.0399919
2041,17,0.0927112
2042,17,0.140353
2043,17,0.0863556
2044,17,0.140033
2045,17,0.0954425
2046,17,0.0801111
2047,17,0.0872739
2048,17,0.0864024
2049,17,0.0650831
2050,17,0.0848879
2051,17,0.162191
2052,17,0.151397
2053,17,0.0869891
2054,17,0.0860589
2055,17,0.0701583
2056,17,0.0940037
2057,17,0.101301
2058,17,0.0651846
2059,17,0.097356
2060,17,0.103288
2061,17,0.0748845
2062,17,0.14279
2063,17,0.0710711
2064,17,0.107009
2065,17,0.101735
2066,17,0.12351
2067,17,0.127834
2068,17,0.0922148
2069,17,0.146093
2070,17,0.0996582
2071,17,0.0930147
2072,17,0.12152
2073,17,0.0421965
2074,17,0.0896874
2075,17,0.0744723
2076,17,0.086567
2077,17,0.0770967
2078,17,0.11629
2079,17,0.061844
2080,17,0.0919796
2081,17,0.109554
2082,17,0.0708248
2083,17,0.0920859
2084,17,0.113797
2085,17,0.0420205
2086,17,0.0633126
2087,17,0.114818
2088,17,0.0790584
2089,17,0.0630513
2090,17,0.0900605
2091,17,0.0577605
2092,17,0.0855586
2093,17,0.0798959
2094,17,0.112327
2095,17,0.071053
2096,17,0.121122
2097,17,0.0729576
2098,17,0.116624
2099,17,0.0770031
2100,17,0.0462027
2101,17,0.110717
2102,17,0.0601792
2103,17,0.0682207
2104,17,0.0911747
2105,17,0.0492567
2106,17,0.0563438
2107,17,0.0570086
2108,17,0.0655008
2109,17,0.0619358
2110,17,0.0975229
2111,17,0.0817456
2112,17,0.109387
2113,17,0.0656206
2114,17,0.0636902
2115,17,0.116844
2116,17,0.148426
2117,17,0.0680782
2118,17,0.109631
2119,17,0.102895
2120,17,0.11841
2121,17,0.146762
2122,17,0.170306
2123,17,0.106231
2124,17,0.155826
2125,17,0.126031
2126,18,0.10554
2127,18,0.134
2128,18,0.115501
2129,18,0.119244
2130,18,0.0931184
2131,18,0.126909
2132,18,0.0630915
2133,18,0.101864
2134,18,0.115293
2135,18,0.0746674
2136,18,0.135678
2137,18,0.0901858
2138,18,0.0891446
2139,18,0.115689
2140,18,0.153687
2141,18,0.0396723
2142,18,0.11911
2143,18,0.106041
2144,18,0.0579121
2145,18,0.0758485
2146,18,0.0995365
2147,18,0.0575464
2148,18,0.0667903
2149,18,0.104123
2150,18,0.107984
2151,18,0.0849335
2152,18,0.104634
2153,18,0.0840237
2154,18,0.0653214
2155,18,0.11899
2156,18,0.0693074
2157,18,0.0639672
2158,18,0.0821457
2159,18,0.0723505
2160,18,0.0612845
2161,18,0.0901485
2162,18,0.0728743
2163,18,0.0415898
2164,18,0.0740639
2165,18,0.0542799
2166,18,0.0670879
2167,18,0.0550545
2168,18,0.128053
2169,18,0.0498087
2170,18,0.0754729
2171,18,0.0572922
2172,18,0.0781942
2173,18,0.0505317
2174,18,0.0691925
2175,18,0.0709347
2176,18,0.0569936
2177,18,0.0940039
2178,18,0.0828765
2179,18,0.0823494
2180,18,0.0855925
2181,18,0.0483623
2182,18,0.066767
2183,18,0.0419972
2184,18,0.079073
2185,18,0.0410843
2186,18,0.0263315
2187,18,0.0464055
2188,18,0.0590031
2189,18,0.0602448
2190,18,0.0439263
2191,18,0.052335
2192,18,0.0581542
2193,18,0.0536423
2194,18,0.0530488
2195,18,0.0487939
2196,18,0.0409739
2197,18,0.0538612
2198,18,0.0388745
2199,18,0.051388
2200,18,0.0421239
2201,18,0.0626347
2202,18,0.0605565
2203,18,0.0467479
2204,18,0.0358741
2205,18,0.0500791
2206,18,0.0314785
2207,18,0.058937
2208,18,0.0372399
2209,18,0.049986
2210,18,0.0482404
2211,18,0.0582061
2212,18,0.0425976
2213,18,0.0311237
2214,18,0.0639052
2215,18,0.0529338
2216,18,0.0423538
2217,18,0.061815
2218,18,0.0526553
2219,18,0.042139
2220,18,0.0476972
2221,18,0.0769692
2222,18,0.0613188
2223,18,0.0681943
2224,18,0.0593828
2225,18,0.0433725
2226,18,0.0669915
2227,18,0.108074
2228,18,0.0755696
2229,18,0.153833
2230,18,0.126748
2231,18,0.061895
2232,18,0.112343
2233,18,0.160762
2234,18,0.102614
2235,18,0.042993
2236,18,0.10321
2237,18,0.13713
2238,18,0.0900004
2239,18,0.0405077
2240,18,0.0903768
2241,18,0.119848
2242,18,0.101832
2243,18,0.0735313
2244,18,0.108685
2245,18,0.104095
2246,18,0.0805947
2247,18,0.0653791
2248,18,0.102586
2249,18,0.0600604
2250,18,0.100821
2251,19,0.0599556
2252,19,0.0414722
2253,19,0.0668504
2254,19,0.076554
2255,19,0.0386795
2256,19,0.0523249
2257,19,0.0456842
2258,19,0.043346
2259,19,0.0314082
2260,19,0.0398938
2261,19,0.0675143
2262,19,0.0453321
2263,19,0.0443912
2264,19,0.0495096
2265,19,0.0409642
2266,19,0.0335766
2267,19,0.0544275
2268,19,0.0367476
2269,19,0.0508813
2270,19,0.0438056
2271,19,0.0324909
2272,19,0.0538781
2273,19,0.062819
2274,19,0.0533276
2275,19,0.042283
2276,19,0.0692223
2277,19,0.0288781
2278,19,0.0374237
2279,19,0.0420615
2280,19,0.0597563
2281,19,0.0297682
2282,19,0.0398869
2283,19,0.0398873
2284,19,0.0279461
2285,19,0.0397709
2286,19,0.0402301
2287,19,0.0473763
2288,19,0.0391247
2289,19,0.0525224
2290,19,0.0494177
2291,19,0.0304711
2292,19,0.044182
2293,19,0.0477548
2294,19,0.034441
2295,19,0.0299774
2296,19,0.0519104
2297,19,0.0390934
2298,19,0.0821453
2299,19,0.0404057
2300,19,0.0329266
2301,19,0.0360588
2302,19,0.0593073
2303,19,0.033026
2304,19,0.0352665
2305,19,0.0540979
2306,19,0.0401594
2307,19,0.0304164
2308,19,0.037805
2309,19,0.0460025
2310,19,0.0271553
2311,19,0.0477286
2312,19,0.0466741
2313,19,0.0586427
2314,19,0.0458119
2315,19,0.0628649
2316,19,0.0280605
2317,19,0.033261
2318,19,0.0500694
2319,19,0.0272654
2320,19,0.0368775
2321,19,0.0437823
2322,19,0.0722472
2323,19,0.0312915
2324,19,0.0247013
2325,19,0.0526116
2326,19,0.0395865
2327,19,0.0462247
2328,19,0.041843
2329,19,0.0437679
2330,19,0.0476823
2331,19,0.0760081
2332,19,0.0515117
2333,19,0.0356736
2334,19,0.0535949
2335,19,0.0733292
2336,19,0.0596164
2337,19,0.0457226
2338,19,0.0556727
2339,19,0.0606074
2340,19,0.0588869
2341,19,0.0450961
2342,19,0.0524646
2343,19,0.0768123
2344,19,0.0635829
2345,19,0.0691869
2346,19,0.041276
2347,19,0.0485816
2348,19,0.0467979
2349,19,0.0595078
2350,19,0.0356535
2351,19,0.0327484
2352,19,0.0494863
2353,19,0.0752303
2354,19,0.0456714
2355,19,0.0418225
2356,19,0.0545471
2357,19,0.0724252
2358,19,0.0462706
2359,19,0.0935116
2360,19,0.0613654
2361,19,0.0519279
2362,19,0.0494651
2363,19,0.0338638
2364,19,0.0256162
2365,19,0.0576896
2366,19,0.0491886
2367,19,0.0401777
2368,19,0.0438362
2369,19,0.0427587
2370,19,0.0505828
2371,19,0.0423992
2372,19,0.0423911
2373,19,0.0368277
2374,19,0.0598416
2375,19,0.0603188
2376,20,0.0778408
2377,20,0.0546893
2378,20,0.0564173
2379,20,0.056951
2380,20,0.022639
2381,20,0.0438203
2382,20,0.0616687
2383,20,0.0707124
2384,20,0.0622461
2385,20,0.0325664
2386,20,0.0456662
2387,20,0.0634628
2388,20,0.0476899
2389,20,0.0603266
2390,20,0.0346723
2391,20,0.0370017
2392,20,0.039535
2393,20,0.0519492
2394,20,0.0479929
2395,20,0.0372163
2396,20,0.0247473
2397,20,0.0372477
2398,20,0.036006
2399,20,0.0522914
2400,20,0.0509513
2401,20,0.0348218
2402,20,0.0402396
2403,20,0.0428812
2404,20,0.0452262
2405,20,0.0612938
2406,20,0.0735005
2407,20,0.0337033
2408,20,0.0902258
2409,20,0.0310443
2410,20,0.0515537
2411,20,0.0549388
2412,20,0.0797977
2413,20,0.0229481
2414,20,0.0445084
2415,20,0.0798098
2416,20,0.0457421
2417,20,0.0503832
2418,20,0.0456748
2419,20,0.0661049
2420,20,0.0470475
2421,20,0.0329199
2422,20,0.052537
2423,20,0.0491072
2424,20,0.0400381
2425,20,0.0354933
2426,20,0.0530145
2427,20,0.0250246
2428,20,0.0415781
2429,20,0.0478429
2430,20,0.0366511
2431,20,0.033598
2432,20,0.0396327
2433,20,0.0382331
2434,20,0.0516549
2435,20,0.0409982
2436,20,0.0584555
2437,20,0.0402019
2438,20,0.0485474
2439,20,0.077158
2440,20,0.0442607
2441,20,0.0418312
2442,20,0.0806557
2443,20,0.0649984
2444,20,0.0513187
2445,20,0.0369132
2446,20,0.0337683
2447,20,0.0498055
2448,20,0.0368674
2449,20,0.0346429
2450,20,0.0290393
2451,20,0.0206743
2452,20,0.0517474
2453,20,0.041285
2454,20,0.0310429
2455,20,0.0379059
2456,20,0.0317768
2457,20,0.0544016
2458,20,0.0610477
2459,20,0.0327117
2460,20,0.0454819
2461,20,0.0269628
2462,20,0.0376505
2463,20,0.0588213
2464,20,0.0500642
2465,20,0.0643705
2466,20,0.0300695
2467,20,0.0475443
2468,20,0.0312064
2469,20,0.0405986
2470,20,0.0338151
2471,20,0.0369936
2472,20,0.0686861
2473,20,0.0359072
2474,20,0.0309118
2475,20,0.0305693
2476,20,0.0570636
2477,20,0.0458673
2478,20,0.0459028
2479,20,0.0418427
2480,20,0.0495869
2481,20,0.0327641
2482,20,0.0313039
2483,20,0.0273379
2484,20,0.0341013
2485,20,0.0373694
2486,20,0.0297142
2487,20,0.0312455
2488,20,0.0397174
2489,20,0.0390527
2490,20,0.0262777
2491,20,0.0344827
2492,20,0.0475269
2493,20,0.0247764
2494,20,0.0542997
2495,20,0.0284448
2496,20,0.0212642
2497,20,0.0373305
2498,20,0.0363574
2499,20,0.0455599
2500,20,0.0459947
