# backfilled 2026-08-01 from log contents; config/output_dir are best-effort
# for pre-existing logs (configs/finetune_vae_meaninit.yaml was since removed
# as superseded -- see EXPERIMENTS.md). New rows are written by
# scripts/sng_pvc/finetune_vae.sbatch.
timestamp	job	log_or_name	config	output_dir
2026-09-23T14:36:14+02:00	543419	wh_finetune_vae	configs/finetune_vae/finetune_vae_ch6_unfinetuned_256res.yaml	/hppfs/scratch/0D/go76fuz2/windinet/finetune_vae_outputs_sng_pvc/finetune_vae_ch6_unfinetuned_256res
2026-09-23T14:37:08+02:00	543420	wh_finetune_vae	configs/finetune_vae/finetune_vae_ch6_loss_rmse_only_256res.yaml	/hppfs/scratch/0D/go76fuz2/windinet/finetune_vae_outputs_sng_pvc/finetune_vae_ch6_loss_rmse_only_256res
2026-09-23T14:37:57+02:00	543421	wh_finetune_vae	configs/finetune_vae/finetune_vae_ch6_loss_rmse_h1_256res.yaml	/hppfs/scratch/0D/go76fuz2/windinet/finetune_vae_outputs_sng_pvc/finetune_vae_ch6_loss_rmse_h1_256res
2026-09-24T19:32:09+02:00	545282	wh_preprocess_dit	/hppfs/scratch/0D/go76fuz2/windinet/finetune_vae_outputs_sng_pvc/finetune_vae_ch6_loss_rmse_h1_256res/checkpoints/vae_shockwave_best.safetensors	/hppfs/scratch/0D/go76fuz2/windinet/dit_preprocessed/finetune_vae_ch6_loss_rmse_h1_256res
2026-09-24T19:32:09+02:00	545284	wh_preprocess_dit	/hppfs/scratch/0D/go76fuz2/windinet/finetune_vae_outputs_sng_pvc/finetune_vae_ch6_unfinetuned_256res/checkpoints/vae_shockwave_last.safetensors	/hppfs/scratch/0D/go76fuz2/windinet/dit_preprocessed/finetune_vae_ch6_unfinetuned_256res
2026-09-24T19:32:10+02:00	545286	wh_finetune_vae	configs/finetune_vae/finetune_vae_ch6_kl_1e7_256res.yaml	/hppfs/scratch/0D/go76fuz2/windinet/finetune_vae_outputs_sng_pvc/finetune_vae_ch6_kl_1e7_256res
2026-09-24T19:32:10+02:00	545279	wh_finetune_vae	configs/finetune_vae/finetune_vae_ch6_lr_1e5_nossim_256res.yaml	/hppfs/scratch/0D/go76fuz2/windinet/finetune_vae_outputs_sng_pvc/finetune_vae_ch6_lr_1e5_nossim_256res
2026-09-24T19:32:10+02:00	545277	wh_finetune_vae	configs/finetune_vae/finetune_vae_ch6_decoder_only_nossim_256res.yaml	/hppfs/scratch/0D/go76fuz2/windinet/finetune_vae_outputs_sng_pvc/finetune_vae_ch6_decoder_only_nossim_256res
2026-09-24T19:32:10+02:00	545280	wh_finetune_vae	configs/finetune_vae/finetune_vae_ch6_color_adapter_nossim_256res.yaml	/hppfs/scratch/0D/go76fuz2/windinet/finetune_vae_outputs_sng_pvc/finetune_vae_ch6_color_adapter_nossim_256res
2026-09-24T19:32:10+02:00	545281	wh_finetune_vae	configs/finetune_vae/finetune_vae_ch6_loss_rmse_h1_ssimfix_256res.yaml	/hppfs/scratch/0D/go76fuz2/windinet/finetune_vae_outputs_sng_pvc/finetune_vae_ch6_loss_rmse_h1_ssimfix_256res
2026-09-24T19:32:11+02:00	545295	wh_finetune_vae	configs/finetune_vae/finetune_vae_ch6_sds_stock_w1e4_256res.yaml	/hppfs/scratch/0D/go76fuz2/windinet/finetune_vae_outputs_sng_pvc/finetune_vae_ch6_sds_stock_w1e4_256res
2026-09-24T19:32:11+02:00	545298	wh_finetune_vae	configs/finetune_vae/finetune_vae_ch6_sds_stock_w1e2_256res.yaml	/hppfs/scratch/0D/go76fuz2/windinet/finetune_vae_outputs_sng_pvc/finetune_vae_ch6_sds_stock_w1e2_256res
2026-09-24T19:32:11+02:00	545292	wh_finetune_vae	configs/finetune_vae/finetune_vae_ch6_kl_1e5_256res.yaml	/hppfs/scratch/0D/go76fuz2/windinet/finetune_vae_outputs_sng_pvc/finetune_vae_ch6_kl_1e5_256res
2026-09-24T19:32:11+02:00	545301	wh_finetune_vae	configs/finetune_vae/finetune_vae_ch6_sds_stock_w1_256res.yaml	/hppfs/scratch/0D/go76fuz2/windinet/finetune_vae_outputs_sng_pvc/finetune_vae_ch6_sds_stock_w1_256res
2026-09-25T01:35:40+02:00	545283	shockwave_dit	configs/dit/train_dit_sng_pvc_ch6_loss_rmse_h1.yaml	finetune_vae_ch6_loss_rmse_h1_256res
2026-09-25T01:35:40+02:00	545285	shockwave_dit	configs/dit/train_dit_sng_pvc_ch6_unfinetuned.yaml	finetune_vae_ch6_unfinetuned_256res
2026-09-25T10:23:47+02:00	545466	wh_finetune_vae	configs/finetune_vae/finetune_vae_ch6_loss_rmse_h1_128res.yaml	/hppfs/scratch/0D/go76fuz2/windinet/finetune_vae_outputs_sng_pvc/finetune_vae_ch6_loss_rmse_h1_128res
2026-09-25T11:23:21+02:00	545293	wh_preprocess_dit	/hppfs/scratch/0D/go76fuz2/windinet/finetune_vae_outputs_sng_pvc/finetune_vae_ch6_kl_1e5_256res/checkpoints/vae_shockwave_best.safetensors	/hppfs/scratch/0D/go76fuz2/windinet/dit_preprocessed/finetune_vae_ch6_kl_1e5_256res
2026-09-25T11:53:56+02:00	545287	wh_preprocess_dit	/hppfs/scratch/0D/go76fuz2/windinet/finetune_vae_outputs_sng_pvc/finetune_vae_ch6_kl_1e7_256res/checkpoints/vae_shockwave_best.safetensors	/hppfs/scratch/0D/go76fuz2/windinet/dit_preprocessed/finetune_vae_ch6_kl_1e7_256res
2026-09-25T11:55:13+02:00	545302	wh_preprocess_dit	/hppfs/scratch/0D/go76fuz2/windinet/finetune_vae_outputs_sng_pvc/finetune_vae_ch6_sds_stock_w1_256res/checkpoints/vae_shockwave_best.safetensors	/hppfs/scratch/0D/go76fuz2/windinet/dit_preprocessed/finetune_vae_ch6_sds_stock_w1_256res
2026-09-25T12:12:27+02:00	545296	wh_preprocess_dit	/hppfs/scratch/0D/go76fuz2/windinet/finetune_vae_outputs_sng_pvc/finetune_vae_ch6_sds_stock_w1e4_256res/checkpoints/vae_shockwave_best.safetensors	/hppfs/scratch/0D/go76fuz2/windinet/dit_preprocessed/finetune_vae_ch6_sds_stock_w1e4_256res
2026-09-25T12:13:21+02:00	545299	wh_preprocess_dit	/hppfs/scratch/0D/go76fuz2/windinet/finetune_vae_outputs_sng_pvc/finetune_vae_ch6_sds_stock_w1e2_256res/checkpoints/vae_shockwave_best.safetensors	/hppfs/scratch/0D/go76fuz2/windinet/dit_preprocessed/finetune_vae_ch6_sds_stock_w1e2_256res
2026-09-25T16:41:42+02:00	545294	shockwave_dit	configs/dit/train_dit_sng_pvc_ch6_kl_1e5.yaml	finetune_vae_ch6_kl_1e5_256res
2026-09-25T17:02:00+02:00	545303	shockwave_dit	configs/dit/train_dit_sng_pvc_ch6_sds_stock_w1.yaml	finetune_vae_ch6_sds_stock_w1_256res
2026-09-25T17:02:00+02:00	545297	shockwave_dit	configs/dit/train_dit_sng_pvc_ch6_sds_stock_w1e4.yaml	finetune_vae_ch6_sds_stock_w1e4_256res
2026-09-25T17:02:00+02:00	545300	shockwave_dit	configs/dit/train_dit_sng_pvc_ch6_sds_stock_w1e2.yaml	finetune_vae_ch6_sds_stock_w1e2_256res
2026-09-25T17:02:01+02:00	545288	shockwave_dit	configs/dit/train_dit_sng_pvc_ch6_kl_1e7.yaml	finetune_vae_ch6_kl_1e7_256res
2026-09-26T07:02:35+02:00	545877	wh_eval_vae_test	/hppfs/scratch/0D/go76fuz2/windinet/finetune_vae_outputs_sng_pvc/finetune_vae_ch6_loss_rmse_h1_256res/checkpoints/vae_shockwave_best.safetensors	finetune_vae_outputs/sng_pvc/finetune_vae_ch6_loss_rmse_h1_256res/test_eval_256.json
2026-09-26T08:04:12+02:00	545878	wh_eval_vae_test	/hppfs/scratch/0D/go76fuz2/windinet/finetune_vae_outputs_sng_pvc/finetune_vae_ch6_unfinetuned_256res/checkpoints/vae_shockwave_last.safetensors	finetune_vae_outputs/sng_pvc/finetune_vae_ch6_unfinetuned_256res/test_eval_256.json
2026-09-26T08:41:13+02:00	545879	wh_eval_vae_test	/hppfs/scratch/0D/go76fuz2/windinet/finetune_vae_outputs_sng_pvc/finetune_vae_ch6_decoder_only_nossim_256res/checkpoints/vae_shockwave_best.safetensors	finetune_vae_outputs/sng_pvc/finetune_vae_ch6_decoder_only_nossim_256res/test_eval_256.json
2026-09-26T09:17:59+02:00	545880	wh_eval_vae_test	/hppfs/scratch/0D/go76fuz2/windinet/finetune_vae_outputs_sng_pvc/finetune_vae_ch6_color_adapter_nossim_256res/checkpoints/vae_shockwave_best.safetensors	finetune_vae_outputs/sng_pvc/finetune_vae_ch6_color_adapter_nossim_256res/test_eval_256.json
2026-09-26T09:17:59+02:00	545881	wh_eval_vae_test	/hppfs/scratch/0D/go76fuz2/windinet/finetune_vae_outputs_sng_pvc/finetune_vae_ch6_loss_rmse_only_256res/checkpoints/vae_shockwave_best.safetensors	finetune_vae_outputs/sng_pvc/finetune_vae_ch6_loss_rmse_only_256res/test_eval_256.json
2026-09-26T09:17:59+02:00	545882	wh_eval_vae_test	/hppfs/scratch/0D/go76fuz2/windinet/finetune_vae_outputs_sng_pvc/finetune_vae_ch6_loss_rmse_h1_ssimfix_256res/checkpoints/vae_shockwave_best.safetensors	finetune_vae_outputs/sng_pvc/finetune_vae_ch6_loss_rmse_h1_ssimfix_256res/test_eval_256.json
2026-09-26T09:45:26+02:00	545883	wh_eval_vae_test	/hppfs/scratch/0D/go76fuz2/windinet/finetune_vae_outputs_sng_pvc/finetune_vae_ch6_lr_1e5_nossim_256res/checkpoints/vae_shockwave_best.safetensors	finetune_vae_outputs/sng_pvc/finetune_vae_ch6_lr_1e5_nossim_256res/test_eval_256.json
2026-09-26T09:54:56+02:00	545885	wh_eval_vae_test	/hppfs/scratch/0D/go76fuz2/windinet/finetune_vae_outputs_sng_pvc/finetune_vae_ch6_kl_1e5_256res/checkpoints/vae_shockwave_best.safetensors	finetune_vae_outputs/sng_pvc/finetune_vae_ch6_kl_1e5_256res/test_eval_256.json
2026-09-26T09:54:56+02:00	545884	wh_eval_vae_test	/hppfs/scratch/0D/go76fuz2/windinet/finetune_vae_outputs_sng_pvc/finetune_vae_ch6_kl_1e7_256res/checkpoints/vae_shockwave_best.safetensors	finetune_vae_outputs/sng_pvc/finetune_vae_ch6_kl_1e7_256res/test_eval_256.json
2026-09-26T11:19:57+02:00	545888	wh_eval_vae_test	/hppfs/scratch/0D/go76fuz2/windinet/finetune_vae_outputs_sng_pvc/finetune_vae_ch6_sds_stock_w1_256res/checkpoints/vae_shockwave_best.safetensors	finetune_vae_outputs/sng_pvc/finetune_vae_ch6_sds_stock_w1_256res/test_eval_256.json
2026-09-26T11:19:57+02:00	545886	wh_eval_vae_test	/hppfs/scratch/0D/go76fuz2/windinet/finetune_vae_outputs_sng_pvc/finetune_vae_ch6_sds_stock_w1e4_256res/checkpoints/vae_shockwave_best.safetensors	finetune_vae_outputs/sng_pvc/finetune_vae_ch6_sds_stock_w1e4_256res/test_eval_256.json
2026-09-26T11:19:57+02:00	545887	wh_eval_vae_test	/hppfs/scratch/0D/go76fuz2/windinet/finetune_vae_outputs_sng_pvc/finetune_vae_ch6_sds_stock_w1e2_256res/checkpoints/vae_shockwave_best.safetensors	finetune_vae_outputs/sng_pvc/finetune_vae_ch6_sds_stock_w1e2_256res/test_eval_256.json
2026-09-26T11:30:00+02:00	545902	wh_eval_vae_test	/hppfs/scratch/0D/go76fuz2/windinet/finetune_vae_outputs_sng_pvc/finetune_vae_ch6_loss_rmse_h1_256res/checkpoints/vae_shockwave_best.safetensors	finetune_vae_outputs/sng_pvc/finetune_vae_ch6_loss_rmse_h1_256res/test_eval_256.json
2026-09-26T11:30:00+02:00	545889	wh_eval_vae_test	/hppfs/scratch/0D/go76fuz2/windinet/finetune_vae_outputs_sng_pvc/finetune_vae_ch6_loss_rmse_h1_128res/checkpoints/vae_shockwave_best.safetensors	finetune_vae_outputs/sng_pvc/finetune_vae_ch6_loss_rmse_h1_128res/test_eval_256.json
