epoch,learning_rate,train_total_loss,val_total_loss,val_vrmse,grad_norm_mean,grad_norm_max,grad_norm_clipped,train_rmse,train_h1,train_h2,train_ssim,train_pcc,train_mlw,train_vrms,train_kl,train_sds,val_vrmse_density,val_vrmse_momentum_x,val_vrmse_momentum_y,val_vrmse_pressure,val_vrmse_chmean,val_rmse,val_h1,val_h2,val_ssim,val_pcc,val_mlw,val_vrms,val_kl,val_sds
1,3.1437500000000005e-05,0.05266544304043055,0.03337500381469727,0.17945579528808595,2.2687993941307067,6.168193340301514,6,0.044093188911676406,0.00017144508264027537,0.00026702848366403487,0.015861268997192382,0.04664480292797089,0.0,0.27479415062069895,806481.04875,0.0,0.21358135986328125,0.27688720703125,0.18352020263671875,0.3542354736328125,0.2570560607910156,0.02454378128051758,0.00017662450671195983,0.0002671123743057251,0.015098386764526368,0.014080403327941894,0.0,0.17945579528808595,800500.224,0.0
2,4.9942884845168216e-05,0.03270401411503553,0.02685966491699219,0.12348216247558594,2.5030004386901856,6.6331095695495605,3,0.024522062305361032,0.00016363903471938103,0.00025834606832358985,0.01380255913734436,0.011538313806056976,0.0,0.16815083014965057,803396.668,0.0,0.16478050231933594,0.13719142150878907,0.1543917999267578,0.2510546264648438,0.17685459899902345,0.017799272537231445,0.0001812078356742859,0.00031796565651893613,0.014006080627441407,0.007676855564117431,0.0,0.12348216247558594,814496.256,0.0
3,4.930339369024957e-05,0.027195197936147452,0.030270557403564453,0.15407501220703124,1.6845406613349914,3.3539297580718994,0,0.019654953002929687,0.00015080489964748266,0.00024212483831797727,0.011824275732040406,0.006937535226345062,0.0,0.12709132289886474,797304.74625,0.0,0.17298974609375,0.2197057342529297,0.14658775329589843,0.3456097412109375,0.22122323608398436,0.023055065155029298,0.0001443098485469818,0.00021874842047691346,0.011636726379394531,0.010446174621582031,0.0,0.15407501220703124,800203.136,0.0
4,4.7971676886883606e-05,0.02583531978726387,0.03417040252685547,0.1481925506591797,1.5877717666625977,3.2765653133392334,0,0.018791601058095693,0.00014087437251146184,0.00023872092929377685,0.010775647401809692,0.007193862736225128,0.0,0.12530332732200622,798359.6205,0.0,0.1164185791015625,0.11959251403808593,0.14992283630371095,0.46554443359375,0.2128695831298828,0.02054585075378418,0.00027249106764793394,0.0007577123045921326,0.014426080703735352,0.009423225402832032,0.0,0.14819256591796875,797043.968,0.0
5,4.5986462044240416e-05,0.023882233183830977,0.022305965423583984,0.11049366760253906,1.3003342661857604,2.577451705932617,0,0.016627108776941894,0.0001451024872221751,0.0002673019893700257,0.01046242618560791,0.005084581136703491,0.0,0.10407663878798484,795625.551,0.0,0.1589375305175781,0.14048558044433593,0.10491716003417968,0.2328057861328125,0.15928651428222657,0.01571665954589844,0.00013178609311580657,0.00021078157424926758,0.009932653427124023,0.005211043357849121,0.0,0.11049366760253906,796049.792,0.0
6,4.340548112481404e-05,0.022964328609406948,0.02079800033569336,0.09720465087890626,1.3036207089424132,2.402815580368042,0,0.016816628225147724,0.00012295400637958665,0.00019772856462805066,0.00969778299331665,0.004958160221576691,0.0,0.10734314319491386,793111.384,0.0,0.11180465698242187,0.14198861694335937,0.131279541015625,0.16400640869140626,0.13726980590820312,0.014337842941284179,0.0001292031556367874,0.0002038651555776596,0.009673851013183594,0.004720813274383545,0.0,0.09720465850830078,792484.352,0.0
7,4.0303791543266814e-05,0.020023375498130918,0.019777231216430664,0.09151430511474609,0.9720964713096618,2.143098831176758,0,0.01387606650777161,0.00012294617896623094,0.00019936315023369388,0.009032311677932739,0.0037526153326034547,0.0,0.08724427400529385,790403.9345,0.0,0.10247457122802735,0.11257829284667968,0.1101368408203125,0.19716145324707032,0.13058778381347655,0.013556264877319335,0.00012441934645175933,0.0002004825621843338,0.009097280502319336,0.004050344467163086,0.0,0.09151431274414062,789194.752,0.0
8,3.677159342441323e-05,0.01980638516880572,0.017774791717529298,0.07985637664794921,0.9465238854885102,1.5443083047866821,0,0.014091061187908054,0.00011430647971792496,0.00018876368808560073,0.008298603057861328,0.003975575566291809,0.0,0.08931224498152733,790895.57475,0.0,0.10176641845703124,0.09081599426269531,0.10601430511474609,0.14878921508789061,0.11184648132324218,0.011720415115356445,0.00012108752131462098,0.00019804269075393677,0.008715920448303223,0.003315732002258301,0.0,0.07985637664794921,787028.352,0.0
9,3.291160649658636e-05,0.018043698329478504,0.017511226654052733,0.0816898193359375,0.837480785369873,1.4681967496871948,0,0.012462986256927253,0.0001116142414866772,0.00018717884039506317,0.008047998666763305,0.0031455771923065185,0.0,0.07831874604523181,787933.859,0.0,0.09867273712158203,0.0902764892578125,0.11177890014648438,0.16057640075683594,0.11532613372802734,0.011682028770446778,0.00011658399552106857,0.00019121724367141723,0.008263633728027344,0.0034073433876037596,0.0,0.0816898193359375,786866.752,0.0
10,2.8836082902858047e-05,0.017823827717453243,0.016268470764160155,0.07037892150878906,0.8203660154342651,1.5631436109542847,0,0.012402621259912849,0.00010842412858619355,0.0001814182060479652,0.007928203105926514,0.003106250286102295,0.0,0.0778525426387787,788825.4735,0.0,0.08188786315917969,0.08530221557617187,0.08824282836914063,0.1384980010986328,0.09848272705078125,0.010504930496215821,0.00011527084559202194,0.00019055786728858947,0.00807100486755371,0.0027203145027160642,0.0,0.07037892150878906,789332.544,0.0
11,2.466354280044379e-05,0.016865034146234394,0.015585098266601562,0.0670024185180664,0.7211706023216248,1.435501217842102,0,0.011401806870475411,0.00010926454502623529,0.00018586663556925486,0.007541810512542725,0.0025765679478645326,0.0,0.0701910517513752,785420.9945,0.0,0.07842832946777344,0.0780123062133789,0.07982329559326172,0.13770864868164062,0.09349314117431641,0.009925065994262695,0.0001132006198167801,0.00018887466192245484,0.007870779037475586,0.002546130895614624,0.0,0.0670024185180664,785289.6,0.0
12,2.0515327680210476e-05,0.01597880626656115,0.015449722290039063,0.06666085052490234,0.5192636491060257,1.1604702472686768,0,0.010661474732682108,0.00010634663143719081,0.00018318218325293856,0.007129828214645386,0.002404474437236786,0.0,0.06552538123726845,784293.394,0.0,0.08246390533447266,0.07824737548828126,0.08075335693359376,0.12998088073730468,0.09286138916015625,0.009869826316833497,0.00011159790307283401,0.000186325341463089,0.007608432292938233,0.0025574877262115477,0.0,0.06666085052490234,784718.592,0.0
13,1.651207163908012e-05,0.01609210471250117,0.014584548950195312,0.06097556304931641,0.513997973203659,1.1141010522842407,0,0.010607370309531688,0.00010969468865732779,0.00018946069388039178,0.007225081205368042,0.00223616623878479,0.0,0.06268741918355226,784037.2935,0.0,0.07411404418945312,0.0719359359741211,0.07492469024658203,0.11511741638183594,0.08402302551269532,0.009119252204895019,0.00010930590331554413,0.00018438798189163207,0.007404552459716797,0.002245016574859619,0.0,0.06097556304931641,781879.936,0.0
14,1.2770193224131885e-05,0.014807492956519126,0.014547375679016114,0.0621160888671875,0.225516659617424,0.5134941935539246,0,0.009692128865979612,0.00010230728203532635,0.0001782375450420659,0.006818793058395386,0.0019994878768920896,0.0,0.057851728335022924,781073.6485,0.0,0.07270095062255859,0.07496723937988281,0.07364151000976563,0.12473091125488281,0.08651014709472657,0.009162892341613769,0.00010768967866897583,0.00018278202414512634,0.0072486252784729,0.00227085542678833,0.0,0.06211609268188477,780857.152,0.0
15,9.39850986895967e-06,0.014966708877123893,0.014254308700561524,0.05974184036254883,0.3360695689320564,0.7978812456130981,0,0.009765366181731225,0.00010402685336885042,0.00018219769127608742,0.006785840511322022,0.0019678664803504946,0.0,0.05729352735728026,780244.13525,0.0,0.072395263671875,0.07131452178955078,0.07384015655517578,0.11167862701416016,0.08230714416503906,0.008913623809814452,0.00010681372135877609,0.00018178366124629974,0.007156317710876465,0.0021394498348236085,0.0,0.05974184036254883,780599.488,0.0
16,6.495073377741711e-06,0.014513445959426463,0.014017539024353027,0.05826397705078125,0.17125027692317962,0.48834338784217834,0,0.009460114769637585,0.0001010666235069948,0.00017554235595889622,0.006761571884155273,0.001955714583396912,0.0,0.05668629919737577,778819.25725,0.0,0.0711757583618164,0.06921209716796875,0.07156102752685548,0.10797173309326172,0.07998015594482422,0.008711745262145996,0.00010611586272716522,0.0001810508370399475,0.007076492786407471,0.0020700840950012207,0.0,0.05826397705078125,779314.432,0.0
17,4.144318484197592e-06,0.01431598991714418,0.013963775634765625,0.05807244873046875,0.15429311653971672,0.3046719431877136,0,0.009354481155052781,9.923017530309153e-05,0.00017438353916077176,0.00664794135093689,0.0018014254570007323,0.0,0.05468829695880413,778860.64475,0.0,0.0706413803100586,0.06927277374267578,0.071390625,0.10782540893554687,0.07978254699707031,0.008678106307983399,0.00010571341216564178,0.000180709570646286,0.007038943290710449,0.0020522212982177733,0.0,0.05807244873046875,778404.8,0.0
18,2.4146074080889003e-06,0.013769923855550587,0.013900413513183593,0.05769921875,0.09088093189895154,0.3266139626502991,0,0.009040902623906732,9.458042497135466e-05,0.0001670804866371327,0.006346604585647583,0.0017470604777336122,0.0,0.05351683048903942,777268.58,0.0,0.07040918731689454,0.06870862579345703,0.07104463195800781,0.10646641540527343,0.07915721130371094,0.008630036354064941,0.00010540755838155747,0.00018034777045249938,0.00700672435760498,0.0020332207679748535,0.0,0.05769921875,777508.992,0.0
19,1.3562418159286768e-06,0.013941331563517451,0.01387536334991455,0.05758023834228516,0.05606894388794899,0.14604580402374268,0,0.009110939726233482,9.660783627987257e-05,0.00016914715340681142,0.006439993858337403,0.0018056195378303528,0.0,0.05441229590028524,776707.7955,0.0,0.0702696533203125,0.06856443023681641,0.07089553833007813,0.10619354248046875,0.07898078918457031,0.00861307716369629,0.00010524570941925049,0.0001801745444536209,0.006990262031555176,0.002026257038116455,0.0,0.05758023834228516,777389.056,0.0
20,1e-06,0.014129935892298818,0.013862080574035644,0.05752001190185547,0.06300089268386364,0.1747233122587204,0,0.009170161183923484,9.919549438927788e-05,0.00017535304166085554,0.006463094711303711,0.001797996163368225,0.0,0.05402257288247347,777087.821,0.0,0.07026760864257812,0.06850691223144531,0.07084369659423828,0.10594720458984375,0.078891357421875,0.008604001998901368,0.00010516156256198883,0.00018008798360824585,0.0069811267852783205,0.0020219106674194335,0.0,0.05752001190185547,777127.296,0.0
