epoch,learning_rate,train_total_loss,val_total_loss,val_vrmse,grad_norm_mean,grad_norm_max,grad_norm_clipped,train_rmse,train_h1,train_h2,train_ssim,train_pcc,train_mlw,train_vrms,train_kl,train_sds,train_swd,val_vrmse_density,val_vrmse_momentum_x,val_vrmse_momentum_y,val_vrmse_pressure,val_vrmse_chmean,val_rmse,val_h1,val_h2,val_ssim,val_pcc,val_mlw,val_vrms,val_kl,val_sds,val_swd
1,3.1437500000000005e-05,0.10618473622202873,0.07219011688232421,0.29575311279296873,3.2964764890670777,39.32017135620117,14,0.0723541598021984,0.00024398607054899912,0.00031266150405281223,0.028489818811416625,0.09996811109781266,0.0,0.45902299392223356,7.104021272659302,0.0,0.21631272193789483,0.445599365234375,0.35160089111328124,0.2772855224609375,0.6402774658203125,0.42869082641601564,0.043056922912597655,0.00029505997896194457,0.00036813020706176757,0.031278743743896484,0.04017586517333984,0.0,0.29575311279296873,7.6073525390625,0.0,0.14380184936523438
2,4.9942884845168216e-05,0.18033776094019413,0.11339772033691406,0.4562430419921875,27.505218308448793,1549.4921875,8,0.07599343178421258,0.0015932782535965089,0.0039040882552799304,0.04385605406761169,0.10692524373531341,0.0,0.5004460588693619,9707.697475589752,0.0,0.2468041552901268,0.5245712280273438,0.5446428833007813,0.6506146240234375,0.9100745239257813,0.657475830078125,0.06617652130126953,0.00031974780559539795,0.0003306237459182739,0.03891806030273438,0.10298419189453124,0.0,0.4562430419921875,6.640046875,0.0,0.312338134765625
3,4.930339369024957e-05,0.09181271809339524,0.09654190826416016,0.27636569213867185,1.5328224086761475,2.8383638858795166,0,0.04892626894265413,0.00030842928432684856,0.0003216776183980983,0.03540538668632507,0.0513112900853157,0.0,0.3252550427317619,6.8367825183868405,0.0,0.2746498426795006,0.35953131103515623,0.3078019714355469,0.37419140625,0.5241078491210938,0.39140814208984376,0.039178787231445314,0.00028102892637252806,0.00028886285424232485,0.031005477905273436,0.03667389678955078,0.0,0.27636569213867185,6.6985673828125,0.0,0.43311669921875
4,4.7971676886883606e-05,0.08510680915415288,0.11713010406494141,0.3001422119140625,1.3817723393440247,3.0307140350341797,0,0.041180331662297245,0.0002637439885002095,0.0002806765454442939,0.029445085525512695,0.03786058408021927,0.0,0.2789049122333527,7.040957593917847,0.0,0.307392773270607,0.4943717956542969,0.37921527099609376,0.306740966796875,0.47771026611328127,0.41450958251953124,0.04104277038574219,0.00027471104264259336,0.00029484257102012633,0.02989743995666504,0.04475228118896484,0.0,0.3001422119140625,8.078060546875,0.0,0.6235177612304688
5,4.5986462044240416e-05,0.08581400145590305,0.0909915771484375,0.2681738891601563,1.2872206859588624,2.348519802093506,0,0.039405171409249304,0.0002636827773385448,0.00029021722136531025,0.0284929780960083,0.03242258095741272,0.0,0.2586330590844154,6.965459899902344,0.0,0.3322469043135643,0.3559827575683594,0.29937371826171877,0.40452056884765625,0.3925069580078125,0.36309600830078126,0.037653060913085935,0.0002713399231433868,0.00028924560546875,0.030103750228881836,0.034058746337890626,0.0,0.2681738891601563,7.2334033203125,0.0,0.3977151794433594
6,4.340548112481404e-05,0.08591191597282886,0.09180055236816406,0.25788638305664063,1.2069098567962646,2.121607542037964,0,0.03746976706385612,0.0002532304581545759,0.00029303642762533856,0.02737729835510254,0.028671497106552125,0.0,0.2443640365600586,7.105805870056153,0.0,0.3578062564730644,0.31680343627929686,0.28820138549804686,0.30797747802734377,0.5633197021484375,0.36907550048828125,0.03597486877441406,0.00026331427693367007,0.00030004674196243284,0.02787569808959961,0.029432674407958985,0.0,0.25788638305664063,7.67093408203125,0.0,0.42659970092773436
7,4.0303791543266814e-05,0.08472067439556122,0.08681377410888672,0.26482958984375,1.179593493938446,1.957980990409851,0,0.03699217048287392,0.0002510354485857533,0.0002860885117406724,0.02607744860649109,0.028046099424362182,0.0,0.2468816968202591,7.145841514587402,0.0,0.3517673100233078,0.37039688110351565,0.31892486572265627,0.3282777099609375,0.4098846130371094,0.35687100219726564,0.03911763000488281,0.00024858011305332184,0.00027732017636299133,0.025923690795898437,0.02791008758544922,0.0,0.26482958984375,6.9721982421875,0.0,0.3526713256835938
8,3.677159342441323e-05,0.08692635878920556,0.08746556091308594,0.21045404052734376,1.114737009525299,1.6518949270248413,0,0.03414604872465134,0.000233065039923531,0.0002683426170988241,0.024096977710723878,0.024402003288269043,0.0,0.2289432852268219,7.258083469390869,0.0,0.411270570397377,0.3349414672851562,0.2405963134765625,0.2370612335205078,0.31471148681640626,0.28182763671875,0.02994587707519531,0.0002462320625782013,0.00027599966526031496,0.025114154815673827,0.02255043411254883,0.0,0.2104540252685547,7.442365234375,0.0,0.45208078002929686
9,3.291160649658636e-05,0.0871488595455885,0.08449217224121094,0.26297036743164065,1.0925937232971192,2.1550076007843018,0,0.03494409406930208,0.00023473983585427049,0.0002684764221776277,0.02454534649848938,0.027403454005718232,0.0,0.2374072675704956,7.211908193588257,0.0,0.40467772871255875,0.33917828369140623,0.30675387573242185,0.3655413208007813,0.4827381896972656,0.37355291748046876,0.035836151123046875,0.0002373262792825699,0.00027065351605415344,0.024092838287353514,0.029529659271240235,0.0,0.2629703979492187,6.85238427734375,0.0,0.3678970947265625
10,2.8836082902858047e-05,0.07745538736879826,0.08040586853027344,0.17832330322265624,1.0226849064826966,1.6382484436035156,0,0.0313652330301702,0.00022228345305484254,0.0002584189250628697,0.022633710861206056,0.02067539358139038,0.0,0.21012526041269303,7.049541221618652,0.0,0.34975980579853055,0.2288821258544922,0.22502775573730469,0.23521014404296875,0.2896703186035156,0.24469758605957032,0.025761608123779298,0.00022845709323883055,0.0002665000557899475,0.022408384323120117,0.016223775863647462,0.0,0.1783233184814453,7.09708154296875,0.0,0.4322140502929688
11,2.466354280044379e-05,0.08447566901147366,0.10510284423828126,0.19720941162109376,1.0501603398323058,1.7357087135314941,0,0.03087956217303872,0.0002256403039355064,0.0002670952174521517,0.022182863235473634,0.0209672292470932,0.0,0.20515737119317054,7.118950326919555,0.0,0.4231409101486206,0.23830238342285157,0.2510589294433594,0.2661171569824219,0.3240458374023438,0.26988107299804687,0.028325519561767577,0.00022525100409984589,0.000262506902217865,0.02196959686279297,0.019054460525512695,0.0,0.19720941162109376,7.65709375,0.0,0.655147705078125
12,2.0515327680210476e-05,0.09021600314974784,0.10435923004150391,0.18471356201171876,1.0474260454177857,1.9973201751708984,0,0.029355427403002978,0.0002189750504330732,0.0002632064177741995,0.020994338035583496,0.018381603837013243,0.0,0.1966814020872116,7.218943977355957,0.0,0.49911822271347045,0.2208619079589844,0.23238571166992186,0.2521215515136719,0.30576531982421873,0.25278363037109375,0.025953006744384766,0.00022368265688419342,0.0002632548213005066,0.021739734649658202,0.017068073272705077,0.0,0.18471356201171876,7.6994736328125,0.0,0.6722208251953125
13,1.651207163908012e-05,0.08789554427564145,0.0812034912109375,0.17768275451660157,0.9217204728126526,1.403122067451477,0,0.02927249560877681,0.00022787754730234155,0.00027384392071689944,0.021412697792053223,0.018072569608688353,0.0,0.19164193338155747,7.111363897323608,0.0,0.4722917046546936,0.23578443908691407,0.2403350372314453,0.2045074005126953,0.2990657958984375,0.2449231719970703,0.025072845458984375,0.0002197575867176056,0.0002613986134529114,0.021135631561279296,0.015314630508422852,0.0,0.17768275451660157,7.7161689453125,0.0,0.4514276123046875
14,1.2770193224131885e-05,0.08059003293514251,0.11350798797607421,0.1746864013671875,0.8689348316192627,1.1875003576278687,0,0.026495900876820088,0.00021113862555648667,0.00025701677390316035,0.020070648908615114,0.015318414211273194,0.0,0.17678891041874886,7.269422727584839,0.0,0.43537200248241426,0.21402386474609375,0.24789018249511718,0.20908210754394532,0.28559930419921875,0.23914886474609376,0.024850330352783202,0.00021962378919124603,0.0002624480426311493,0.021262914657592773,0.015665147781372072,0.0,0.1746864013671875,6.9657109375,0.0,0.7767646484375
15,9.39850986895967e-06,0.08428997756540775,0.09251819610595703,0.16197103881835936,1.1603675837516785,37.95574951171875,1,0.027637122601270676,0.00021597812985419296,0.0002631092899828218,0.02032634449005127,0.015889046669006347,0.0,0.18168036469817161,7.336271572113037,0.0,0.4585394779443741,0.21839730834960938,0.18566354370117188,0.20335751342773437,0.26391058349609375,0.21783224487304687,0.022954442977905273,0.00021284322440624236,0.00025660809874534607,0.02000097465515137,0.013213022232055664,0.0,0.16197103881835936,6.70011181640625,0.0,0.5892159423828125
16,6.495073377741711e-06,0.06047600687295199,0.05042039108276367,0.1372030029296875,0.5050092866420746,0.8687788844108582,0,0.022619382750242948,0.00020587580183928367,0.00025185496491758385,0.019266629934310914,0.011238054513931275,0.0,0.14548743295669556,7.117167646408081,0.0,0.2756283369064331,0.1761651153564453,0.16402142333984376,0.17187277221679687,0.2276590576171875,0.18492958068847656,0.0200467529296875,0.0002089115083217621,0.000255841463804245,0.0192872257232666,0.010438735961914063,0.0,0.1372030029296875,7.17731982421875,0.0,0.19928062438964844
17,4.144318484197592e-06,0.04213640593737364,0.03677502822875976,0.13108612060546876,0.2501995997428894,0.5172609686851501,0,0.021311699733138085,0.0002022954552958254,0.0002506331251206575,0.018742465734481812,0.00936316829919815,0.0,0.1294854584634304,7.105794815063477,0.0,0.10709933243691921,0.17287948608398437,0.15867288208007813,0.16291526794433595,0.20342831420898438,0.17447398376464843,0.019284463882446288,0.00020690515637397766,0.0002544860541820526,0.018980167388916017,0.009742706298828126,0.0,0.13108612060546876,7.14726318359375,0.0,0.07145306396484374
18,2.4146074080889003e-06,0.036074138328433036,0.03513451385498047,0.1283760681152344,0.10336790534853935,0.24830615520477295,0,0.02015193359553814,0.00018969111047772457,0.00023829394548374695,0.017712692737579347,0.00875200778245926,0.0,0.12365676668286324,7.118668745040893,0.0,0.06437649261951446,0.16991018676757813,0.15593533325195313,0.16017970275878907,0.19478915405273436,0.17020358276367187,0.01891899871826172,0.0002051599472761154,0.00025315195322036746,0.018747894287109376,0.009421090126037597,0.0,0.1283760681152344,7.11432373046875,0.0,0.05957517623901367
19,1.3562418159286768e-06,0.035648781549185514,0.03465320205688477,0.12727268981933593,0.08020003497600556,0.13913704454898834,0,0.020148707903921603,0.00019454588716325815,0.00024213663337286563,0.01780522632598877,0.008866414964199066,0.0,0.12421543410420417,7.126682500839234,0.0,0.057727792665362355,0.168278564453125,0.15476419067382813,0.1588640594482422,0.19231405639648438,0.16855522155761718,0.01875712585449219,0.0002042924165725708,0.0002525573968887329,0.01863447952270508,0.009281922340393066,0.0,0.12727268981933593,7.1078671875,0.0,0.05681453323364258
20,1e-06,0.03584892245009542,0.03457154846191406,0.12681239318847656,0.07684716537594795,0.16786444187164307,0,0.020223783388733863,0.00019888837456528562,0.0002506463059835369,0.01786213707923889,0.008765121340751648,0.0,0.12294718194007874,7.121872177124024,0.0,0.05680720169842243,0.1677664337158203,0.15411874389648436,0.15836399841308593,0.19122756958007814,0.16786920166015626,0.018687191009521483,0.0002039005160331726,0.0002524557709693909,0.018569690704345703,0.00922291374206543,0.0,0.12681239318847656,7.10792919921875,0.0,0.05689333724975586
